fecha,farmacia,principio_activo,concentracion,producto,marca,presentacion,unidades,precio,precio_lista,precio_unidad,url
2026-10-08,Locatel,acetaminofen,100 mg,Dolex Niños 100mg X 20 Tabletas Masticables,DOLEX,DOLEX NINOS 100MG X 20 TABLETAS MASTICABLES,20,20750,20750,1037.5,https://www.locatelcolombia.com/7451079000874-dolex-ninos-100mg-x-20-tabletas-masticables/p
2026-10-08,Locatel,acetaminofen,500 mg,Genfar Acetaminofen 500Mg,GENFAR,GENFAR ACETAMINOFEN 500MG BLISTER X 10UND,10,2030,2030,203.0,https://www.locatelcolombia.com/7702605100019-genfar-acetaminofen-500mg/p
2026-10-08,Locatel,acetaminofen,500 mg,Dolex Avanzado 500Mg Caja X 10 Tabletas Recubiertas,DOLEX,DOLEX AVANZADO 500MG CAJA X 10 TABLETAS RECUBIERTAS,10,13150,13150,1315.0,https://www.locatelcolombia.com/7707172688939-dolex-avanzado-500mg-caja-x-10-tabletas-recubiertas-1/p
2026-10-08,Locatel,acetaminofen,500 mg,Dolex Activgel 500mg X 10 Capsulas Liquidas,DOLEX,DOLEX ACTIVGEL 500MG X 10 CAPSULAS LIQUIDAS,10,19500,19500,1950.0,https://www.locatelcolombia.com/7703363006094-dolex-activgel-500mg-x-10-capsulas-liquidas-1/p
2026-10-08,Locatel,acetaminofen,500 mg,Genfar Acetaminofen 500Mg,GENFAR,GENFAR ACETAMINOFEN 500MG CAJA X 100 TABLETAS,100,20300,20300,203.0,https://www.locatelcolombia.com/7702605100019-genfar-acetaminofen-500mg/p
2026-10-08,Locatel,acetaminofen,500 mg,Acetaminofén Mk 500Mg Caja X 24 Tabletas Cubiertas,MK,ACETAMINOFEN MK 500MG CAJA X 24 TABLETAS CUBIERTAS,24,23050,23050,960.42,https://www.locatelcolombia.com/7702057858858-acetaminofen-mk-500mg-caja-x-24-tabletas-cubiertas-1/p
2026-10-08,Locatel,acetaminofen,500 mg,Acetaminofen 500Mg,LA SANTE,ACETAMINOFEN 500MG CAJA X 100 TABLETAS,100,23550,23550,235.5,https://www.locatelcolombia.com/7703763190119-acetaminofen-500mg/p
2026-10-08,Locatel,acetaminofen,500 mg,Dolex Rapida Accion Avanzado 500mg X 24 Tabletas,DOLEX,DOLEX RAPIDA ACCION AVANZADO 500MG X 24 TABLETAS,24,32650,32650,1360.42,https://www.locatelcolombia.com/7707397791469-dolex-rapida-accion-avanzado-500mg-x-24-tabletas/p
2026-10-08,Locatel,acetaminofen,500 mg,Dolex Rapida Accion 500mg Caja X 24 Tabletas,DOLEX,DOLEX RAPIDA ACCION 500MG CAJA X 24 TABLETAS,24,32750,32750,1364.58,https://www.locatelcolombia.com/7451079001499-dolex-rapida-accion-500mg-caja-x-24-tabletas/p
2026-10-08,Locatel,acetaminofen,500 mg,Dolex Activgel 500mg X 24 Capsulas Liquidas,DOLEX,DOLEX ACTIVGEL 500MG X 24 CAPSULAS LIQUIDAS,24,41750,41750,1739.58,https://www.locatelcolombia.com/7703363006100-dolex-activgel-500mg-x-24-capsulas-liquidas-1/p
2026-10-08,Locatel,acetaminofen,500 mg,Acetaminofen Mk 500Mg Caja X 100 Tabletas Cubiertas,MK,ACETAMINOFEN MK 500MG CAJA X 100 TABLETAS CUBIERTAS,100,62600,62600,626.0,https://www.locatelcolombia.com/7702057781194-acetaminofen-mk-500mg-caja-x-100-tabletas-cubiertas/p
2026-10-08,Locatel,acetaminofen,500 mg,Dolex Avanzado 500mg X 100 Tabletas,DOLEX,DOLEX AVANZADO 500MG X 100 TABLETAS,100,102750,102750,1027.5,https://www.locatelcolombia.com/7707397791032-dolex-avanzado-500mg-x-100-tabletas/p
2026-10-08,Locatel,acetaminofen,500 mg,Dolex Rapida Accion Avanzado 500mg X 200 Tabletas,DOLEX,DOLEX RAPIDA ACCION AVANZADO 500MG X 200 TABLETAS,200,182350,182350,911.75,https://www.locatelcolombia.com/7707397791490-dolex-rapida-accion-avanzado-500mg-x-200-tabletas/p
2026-10-08,Olímpica,acetaminofen,500 mg,Acetaminofén 500 Mg Best X20 Tabletas,BEST,ACETAMINOFEN 500 MG BEST X20 TABLETAS ACETAMINOFEN 500 MG CAJA X 20 TAB BEST,20,4800,4800,240.0,https://www.olimpica.com/acetaminofen-500-mg-caja-x-20-tab-best-7707193640282-1543585/p
2026-10-08,Olímpica,acetaminofen,500 mg,Dolex Avanzado Alivio Efectivo Del Dolor Y Fiebre X10 Tabletas,DOLEX,DOLEX AVANZADO ALIVIO EFECTIVO DEL DOLOR Y FIEBRE X10 TABLETAS DOLEX AVANZADO 500 MG CAJA X 10 TABLETAS,10,13300,13300,1330.0,https://www.olimpica.com/dolex-avanzado-500-mg-caja-x-10-tabletas-7707172688939-1625216/p
2026-10-08,Olímpica,acetaminofen,500 mg,Dolex Avanzado 500 MG Caja X16 Tabletas,DOLEX,DOLEX AVANZADO 500 MG CAJA X16 TABLETAS DOLEX AVANZADO 500 MG CAJA X 16 TABLETA,16,21750,21750,1359.38,https://www.olimpica.com/dolex-avanzado-500-mg-caja-x-16-tabletas-7707172688953-1625233/p
2026-10-08,Olímpica,acetaminofen,500 mg,Acetaminofén La Santé 500MG X100 Tabletas,LA SANTE GENERICOS,ACETAMINOFEN LA SANTE 500MG X100 TABLETAS ACETAMINOFEN 500 MG CAJA X 100 TABLETAS LA SANTE,100,21850,21850,218.5,https://www.olimpica.com/acetaminofen-500-mg-caja-x-100-tabletas-la-sante-7703763190119-483834/p
2026-10-08,Olímpica,acetaminofen,500 mg,Dolex Avanzado 500 MG Optizorb Frasco X24 Tabletas,DOLEX,DOLEX AVANZADO 500 MG OPTIZORB FRASCO X24 TABLETAS DOLEX AVANZADO 500MG OPTIZORB FRASCO X 24 TABLETAS,24,25120,31400,1046.67,https://www.olimpica.com/dolex-avanzado-500mg-optizorb-frasco-x-24-tabletas/p
2026-10-08,Olímpica,acetaminofen,500 mg,Dolex Aceteminofen Analgesico X24 Tabletas,DOLEX,DOLEX ACETEMINOFEN ANALGESICO X24 TABLETAS DOLEX 500 MG CAJA X 24 TABLETAS,24,29150,29150,1214.58,https://www.olimpica.com/dolex-500-mg-caja-x-24-tabletas-7451079001499-412931/p
2026-10-08,Olímpica,acetaminofen,500 mg,Dolex Acetaminofen Avanzado X100 Tabletas,DOLEX,DOLEX ACETAMINOFEN AVANZADO X100 TABLETAS DOLEX AVANZADO 500 MG FRASCO X 100 TABLETAS,100,102800,102800,1028.0,https://www.olimpica.com/dolex-avanzado-500-mg-frasco-x-100-tabletas-7707397791032-2158352/p
2026-10-08,La Rebaja,acido acetilsalicilico,100 mg,ACIDO ACETILSALICILICO 100 MG (GENFAR),GENFAR,CAJA X 30 TAB,30,13360,16700,445.33,https://www.larebajavirtual.com/acido-acetilsalicilico-100-mg-genfar-39745/p
2026-10-08,La Rebaja,acido acetilsalicilico,100 mg,CARDIO ASPIRINA 100 MG,ASPIRINA,CAJA X 30.00 TAB,30,39840,66400,1328.0,https://www.larebajavirtual.com/cardio-aspirina-100-mg-23492/p
2026-10-08,Olímpica,acido acetilsalicilico,100 mg,ASPIRINA 100 MG BLISTER X 28 TABLETAS,ASPIRINA,ASPIRINA 100 MG BLISTER X 28 TABLETAS,28,18470,18470,659.64,https://www.olimpica.com/aspirina-100-mg-blister-x-28-tabletas/p
2026-10-08,Olímpica,acido acetilsalicilico,100 mg,Aspirina® 100 mg Ácido Acetilsalicilico Caja X28 Tabletas,ASPIRINA,ASPIRINA® 100 MG ACIDO ACETILSALICILICO CAJA X28 TABLETAS ASPIRINA® 100 MG ACIDO ACETILSALICILICO CAJA X 28 TAB,28,21600,21600,771.43,https://www.olimpica.com/aspirina-100-mg-acido-acetilsalicilico-caja-x-28-tab/p
2026-10-08,La Rebaja,acido acetilsalicilico,500 mg,ASPIRINA ULTRA 500 MG,ASPIRINA,BLISTER X 4,4,3560,3560,890.0,https://www.larebajavirtual.com/aspirina-ultra-500-mg-111062/p
2026-10-08,Locatel,acido acetilsalicilico,500 mg,Aspirina Ultra 500mg Ácido Acetilsalicílico Caja x 20 tabletas,ASPIRINA,ASPIRINA ULTRA 500MG ACIDO ACETILSALICILICO CAJA X 20 TABLETAS,20,21250,21250,1062.5,https://www.locatelcolombia.com/7702123009528-aspirina-ultra-500mg-acido-acetilsalicilico-caja-x-20-tabletas--/p
2026-10-08,Olímpica,acido acetilsalicilico,500 mg,Aspirina Ultra Partículas Microactivas X20 Tabletas,ASPIRINA,ASPIRINA ULTRA PARTICULAS MICROACTIVAS X20 TABLETAS ASPIRINA® ULTRA 500 MG ACIDO ACETILSALICILICO CAJA X 20 TAB,20,20550,20550,1027.5,https://www.olimpica.com/aspirina-ultra-x-20-tabletas-7702123009528-1235136/p
2026-10-08,La Rebaja,acido acetilsalicilico,81 mg,CARDIO ASPIRINA 81 MG,ASPIRINA,FRASCO X 30 TAB,30,37620,62700,1254.0,https://www.larebajavirtual.com/cardio-aspirina-81-mg-111205/p
2026-10-08,Locatel,amlodipino,10 mg,Genfar Amlodipino 10Mg Caja X 10 Comprimidos,GENFAR,GENFAR AMLODIPINO 10MG CAJA X 10 COMPRIMIDOS,10,14950,14950,1495.0,https://www.locatelcolombia.com/7702605100446-genfar-amlodipino-10mg-caja-x-10-comprimidos/p
2026-10-08,Locatel,amlodipino,10 mg,Amlodipino Mk 10Mg Caja X 30 Tabletas,MK,AMLODIPINO MK 10MG CAJA X 30 TABLETAS,30,54950,54950,1831.67,https://www.locatelcolombia.com/7702057715137-amlodipino-mk-10mg-caja-x-30-tabletas/p
2026-10-08,Olímpica,amlodipino,10 mg,Amlodipino 10 Mg American Generics X10 Tabletas,AMERICAN GENERICS,AMLODIPINO 10 MG AMERICAN GENERICS X10 TABLETAS AMLODIPINO 10 MG CAJA X 10 TABLETAS AMERICAN GENERICS,10,10750,10750,1075.0,https://www.olimpica.com/amlodipino-10-mg-caja-x-10-tabletas-american-generics-7706569001344-855251/p
2026-10-08,Olímpica,amlodipino,10 mg,Amlodipino 10 Mg La Santé X10 Tabletas,LA SANTE GENERICOS,AMLODIPINO 10 MG LA SANTE X10 TABLETAS AMLODIPINO 10 MG CAJA X 10 TABLETAS LA SANTE,10,11100,11100,1110.0,https://www.olimpica.com/amlodipino-10-mg-caja-x-10-tabletas-la-sante-7703763991082-645033/p
2026-10-08,Olímpica,amlodipino,10 mg,AMLODIPINO 10MG CJ X 100 TAB,AMLODIPINO,AMLODIPINO 10MG CJ X 100 TAB,100,39000,39000,390.0,https://www.olimpica.com/amlodipino-10mg-cj-x-100-tab/p
2026-10-08,Olímpica,amlodipino,10 mg,AMLODIPINO 10 MG CJ X 30 TAB MK,SIN MARCA,AMLODIPINO 10 MG CJ X 30 TAB MK,30,55750,55750,1858.33,https://www.olimpica.com/amlodipino-10-mg-cj-x-30-tab-mk/p
2026-10-08,Locatel,amlodipino,5 mg,Genfar Amlodipino 5Mg Caja X 10 Comprimidos,GENFAR,GENFAR AMLODIPINO 5MG CAJA X 10 COMPRIMIDOS,10,7850,7850,785.0,https://www.locatelcolombia.com/7702605100392-genfar-amlodipino-5mg-caja-x-10-comprimidos/p
2026-10-08,Locatel,amlodipino,5 mg,Amlodipino Genfar 5Mg X 30 Tabletas,GENFAR,AMLODIPINO GENFAR 5MG X 30 TABLETAS,30,23500,23500,783.33,https://www.locatelcolombia.com/3664798053906-amlodipino-genfar-5mg-x-30-tabletas/p
2026-10-08,Locatel,amlodipino,5 mg,Amlodipino Mk 5Mg Caja X 30 Tabletas,MK,AMLODIPINO MK 5MG CAJA X 30 TABLETAS,30,25950,25950,865.0,https://www.locatelcolombia.com/7702057711573-amlodipino-mk-5mg-caja-x-30-tabletas/p
2026-10-08,Olímpica,amlodipino,5 mg,AMlodipino 5 Mg Genfar X10 Tabletas,GENFAR,AMLODIPINO 5 MG GENFAR X10 TABLETAS AMLODIPINO 5 MG CAJA X 10 TABLETAS GENFAR,10,7900,7900,790.0,https://www.olimpica.com/amlodipino-5-mg-caja-x-10-tabletas-genfar-7702605100392-632426/p
2026-10-08,Olímpica,amlodipino,5 mg,AMLODIPINO 5 MG CAJA X 10 TABLETAS,LA SANTE GENERICOS,AMLODIPINO 5 MG CAJA X 10 TABLETAS,10,8250,8250,825.0,https://www.olimpica.com/amlodipino-5-mg-caja-x-10-tabletas/p
2026-10-08,Olímpica,amlodipino,5 mg,Amlodipino 5 Mg La Santé X10 Tabletas,LA SANTE GENERICOS,AMLODIPINO 5 MG LA SANTE X10 TABLETAS AMLODIPINO 5 MG CAJA X 10 TABLETAS LA SANTE,10,8250,8250,825.0,https://www.olimpica.com/amlodipino-5-mg-caja-x-10-tabletas-la-sante-7703763991075-669580/p
2026-10-08,Olímpica,amlodipino,5 mg,Amlodipino 5 Mg Genfar X10 TabletasAmlodipino 10 Mg Genfar X10 Tabletas,GENFAR,AMLODIPINO 5 MG GENFAR X10 TABLETASAMLODIPINO 10 MG GENFAR X10 TABLETAS AMLODIPINO 10 MG CAJA X 10 TABLETAS GENFAR,10,13600,13600,1360.0,https://www.olimpica.com/amlodipino-10-mg-caja-x-10-tabletas-genfar-7702605100446-632427/p
2026-10-08,Olímpica,amlodipino,5 mg,AMLODIPINO 5 MG CAJA X 30 TABLETA,AMLODIPINO,AMLODIPINO 5 MG CAJA X 30 TABLETA,30,24000,24000,800.0,https://www.olimpica.com/amlodipino-5-mg-caja-x-30-tableta-gf/p
2026-10-08,Olímpica,amlodipino,5 mg,Amlodipino Mk  5 Mg Caja X 30 Tableta,MKGENERICO,AMLODIPINO MK 5 MG CAJA X 30 TABLETA AMLODIPINO 5 MG CAJA X 30 TABLETA MK,30,26150,26150,871.67,https://www.olimpica.com/amlodipino-5-mg-caja-x-30-tableta-mk-7702057711573-2166905/p
2026-10-08,Olímpica,amoxicilina,1 g,Clavulin Amoxicilina 1 G Bid Gsk X14 Tabletas,GLAXO,CLAVULIN AMOXICILINA 1 G BID GSK X14 TABLETAS CLAVULIN 1 G CAJA X 14 TABLETAS,14,116700,116700,8335.71,https://www.olimpica.com/clavulin-1-g-caja-x-14-tabletas-7707172688397-1650032/p
2026-10-08,Olímpica,amoxicilina,400 mg,AMOXICILINA 400 MG/A.CLAV 57MG X 100 MILILITRO,MKGENERICO,AMOXICILINA 400 MG/A.CLAV 57MG X 100 MILILITRO,100,118250,118250,1182.5,https://www.olimpica.com/amoxicilina-400-mg-a-clav-57mg-x-100ml/p
2026-10-08,La Rebaja,amoxicilina,500 mg,AMOXICILINA 500 MG (COASPHARMA),COASPHARMA,BLISTER X 10,10,6300,6300,630.0,https://www.larebajavirtual.com/amoxicilina-500-mg-11286/p
2026-10-08,La Rebaja,amoxicilina,500 mg,AMOXICILINA 500 MG (LA SANTE),LA SANTE,BLISTER X 10,10,7200,7200,720.0,https://www.larebajavirtual.com/amoxicilina-500-mg-la-sante-47433/p
2026-10-08,La Rebaja,amoxicilina,500 mg,AMOXICILINA 500 MG (MK),MK,BLISTER X 10,10,7800,7800,780.0,https://www.larebajavirtual.com/amoxicilina-500-mg-mk-42951/p
2026-10-08,La Rebaja,amoxicilina,500 mg,AMOXICILINA 500 MG (GENFAR),GENFAR,BLISTER X 10,10,8800,8800,880.0,https://www.larebajavirtual.com/amoxicilina-500-mg-genfar-38229/p
2026-10-08,Locatel,amoxicilina,500 mg,Amoxicilina Colmed 500Mg,COLMED,AMOXICILINA COLMED 500MG BLISTER X5 UND,5,3410,3410,682.0,https://www.locatelcolombia.com/7703153039745-amoxicilina-colmed-500mg/p
2026-10-08,Locatel,amoxicilina,500 mg,Amoxicilina 500Mg La Santé,LA SANTE,AMOXICILINA 500MG LA SANTE BLISTER X 10UND,10,6590,6590,659.0,https://www.locatelcolombia.com/7703763070237-amoxicilina-500mg-caja-x-50-capsulas-la-sante/p
2026-10-08,Locatel,amoxicilina,500 mg,Genfar Amoxicilina 500Mg,GENFAR,GENFAR AMOXICILINA 500MG BLISTER X 10UND,10,8000,8000,800.0,https://www.locatelcolombia.com/7702605100309-genfar-amoxicilina-500mg/p
2026-10-08,Locatel,amoxicilina,500 mg,Amoxicilina 500Mg La Santé,LA SANTE,AMOXICILINA 500MG LA SANTE CAJA X 50 CAPSULAS,50,32950,32950,659.0,https://www.locatelcolombia.com/7703763070237-amoxicilina-500mg-caja-x-50-capsulas-la-sante/p
2026-10-08,Locatel,amoxicilina,500 mg,Amoxicilina A.G 500mg X 50 Capsulas,AMERICAN GENERICS,AMOXICILINA A.G 500MG X 50 CAPSULAS,50,32950,32950,659.0,https://www.locatelcolombia.com/7706569000026-amoxicilina-a-g-500mg-x-50-capsulas/p
2026-10-08,Locatel,amoxicilina,500 mg,Amoxicilina Colmed 500Mg,COLMED,AMOXICILINA COLMED 500MG X 50 CAPSULAS DURAS,50,34100,34100,682.0,https://www.locatelcolombia.com/7703153039745-amoxicilina-colmed-500mg/p
2026-10-08,Locatel,amoxicilina,500 mg,Genfar Amoxicilina 500Mg,GENFAR,GENFAR AMOXICILINA 500MG CAJA X 50 CAPSULAS,50,40000,40000,800.0,https://www.locatelcolombia.com/7702605100309-genfar-amoxicilina-500mg/p
2026-10-08,Locatel,amoxicilina,500 mg,Amoxicilina Mk 500Mg,MK,AMOXICILINA MK 500MG CAJA X 60 CAPSULAS,60,40950,40950,682.5,https://www.locatelcolombia.com/7702057070502-amoxicilina-mk-500mg/p
2026-10-08,Olímpica,amoxicilina,500 mg,AMOXICILINA 500MG CJ X 50 CAP,ECAR,AMOXICILINA 500MG CJ X 50 CAP,50,22800,22800,456.0,https://www.olimpica.com/amoxicilina-500mg-cj-x-50-cap/p
2026-10-08,Olímpica,amoxicilina,500 mg,Amoxicilina 500 Mg La Santé X50 Cápsulas,LA SANTE GENERICOS,AMOXICILINA 500 MG LA SANTE X50 CAPSULAS AMOXICILINA 500 MG CAJA X 50 CAPSULAS LA SANTE,50,32750,32750,655.0,https://www.olimpica.com/amoxicilina-500-mg-caja-x-50-capsulas-la-sante-7703763070237-79508/p
2026-10-08,Olímpica,amoxicilina,500 mg,Amoxicilina 500 Mg American Generics X50 Cápsulas,AMERICAN GENERICS,AMOXICILINA 500 MG AMERICAN GENERICS X50 CAPSULAS AMOXICILINA 500 MG CAJA X 50 CAPSULAS AMERICAN GENERICS,50,32950,32950,659.0,https://www.olimpica.com/amoxicilina-500-mg-caja-x-50-capsulas-american-generics-7706569000026-612691/p
2026-10-08,Olímpica,amoxicilina,500 mg,Amoxicilina 500 Mg Mk X60 Cápsulas,TECNOQUIMICAS,AMOXICILINA 500 MG MK X60 CAPSULAS AMOXICILINA 500 MG CAJA X 60 CAPSULAS MK,60,38950,38950,649.17,https://www.olimpica.com/amoxicilina-500-mg-caja-x-60-capsulas-mk-7702057070502-68180/p
2026-10-08,Olímpica,amoxicilina,500 mg,Amoxicilina 500 Mg Genfar X50 Cápsulas,GENFAR,AMOXICILINA 500 MG GENFAR X50 CAPSULAS AMOXICILINA 500 MG CAJA X 50 CAPSULAS GENFAR,50,39900,39900,798.0,https://www.olimpica.com/amoxicilina-500-mg-caja-x-50-capsulas-genfar-7702605100309-33560/p
2026-10-08,La Rebaja,amoxicilina,875 mg,AMOXICILINA 875 MG (MK),MK,CAJA X 20 TAB,20,77400,77400,3870.0,https://www.larebajavirtual.com/amoxicilina-875-mg-mk-152970/p
2026-10-08,Locatel,amoxicilina,875 mg,Amoxicilina Mk 875Mg X 20 Tabletas Recubiertas,MK,AMOXICILINA MK 875MG X 20 TABLETAS RECUBIERTAS,20,62950,62950,3147.5,https://www.locatelcolombia.com/7702057712730-amoxicilina-mk-875mg-x-20-tabletas-recubiertas/p
2026-10-08,Olímpica,amoxicilina,875 mg,AMOXICILINA MK 875 MG BLISTER X 10 TABLETAS,SIN MARCA,AMOXICILINA MK 875 MG BLISTER X 10 TABLETAS AMOXICILINA 875 MG CJ X 20 TAB MK,10,29425,29425,2942.5,https://www.olimpica.com/amoxicilina-875-mg-cj-x-20-tab-mk---blister/p
2026-10-08,Olímpica,atorvastatina,10 mg,Atorvastatina La Santé 10 Mg X30 Tabletas,LA SANTE GENERICOS,ATORVASTATINA LA SANTE 10 MG X30 TABLETAS ATORVASTATINA 10 MG CJ X 30 TAB LS,30,77400,77400,2580.0,https://www.olimpica.com/atorvastatina-10-mg-cj-x-30-tab-ls-7703763995967-2206322/p
2026-10-08,Olímpica,atorvastatina,10 mg,Lipitor 10 Mg Caja X 30 Tabletas,LIPITOR,LIPITOR 10 MG CAJA X 30 TABLETAS LIPITOR 10 MG CAJA X 30 TAB,30,102100,102100,3403.33,https://www.olimpica.com/lipitor-10-mg-caja-x-30-tab-7703283405687-1424256/p
2026-10-08,Locatel,atorvastatina,20 mg,Atorvastatina Colmed 20Mg X 30 Tabletas Recubiertas,COLMED,ATORVASTATINA COLMED 20MG X 30 TABLETAS RECUBIERTAS,30,56700,56700,1890.0,https://www.locatelcolombia.com/7703153040505-atorvastatina-colmed-20mg-x-30-tabletas-recubiertas/p
2026-10-08,Locatel,atorvastatina,20 mg,Atorvastatina Mk 20Mg Caja X 30 Tabletas Cubiertas,MK,ATORVASTATINA MK 20MG CAJA X 30 TABLETAS CUBIERTAS,30,73750,73750,2458.33,https://www.locatelcolombia.com/7702057710231-atorvastatina-mk-20mg-caja-x-30-tabletas-cubiertas-1/p
2026-10-08,Locatel,atorvastatina,20 mg,Atorvastatina Genfar 20mg X30 Tabletas,GENFAR,ATORVASTATINA GENFAR 20MG X30 TABLETAS,30,90350,90350,3011.67,https://www.locatelcolombia.com/7705959885724-atorvastatina-genfar-20mg-x30-tabletas/p
2026-10-08,Olímpica,atorvastatina,20 mg,Atorvastatina 20 Mg Caja X 10 Tabletas,ECAR,ATORVASTATINA 20 MG CAJA X 10 TABLETAS ECAR,10,14750,14750,1475.0,https://www.olimpica.com/atorvastatina-20-mg-caja-x-10-tabletas-ecar-7702184010495-2060052/p
2026-10-08,Olímpica,atorvastatina,20 mg,Atorvastatina 20 Mg X30 Tabletas,LA SANTE GENERICOS,ATORVASTATINA 20 MG X30 TABLETAS ATORVASTATINA 20 MG CJ X 30 TAB LS,30,65700,65700,2190.0,https://www.olimpica.com/atorvastatina-20-mg-cj-x-30-tab-ls-7703763992980-2197060/p
2026-10-08,Olímpica,atorvastatina,20 mg,Atorvastatina Mk 20 Mg Caja X 30 Tabletas,MKGENERICO,ATORVASTATINA MK 20 MG CAJA X 30 TABLETAS ATORVASTATINA MK 20 MG CAJA X 30 TAB,30,76200,76200,2540.0,https://www.olimpica.com/atorvastatina-mk-20-mg-caja-x-30-tab-7702057710231-2030738/p
2026-10-08,Olímpica,atorvastatina,20 mg,Lipitor 20 Mg Caja X 30 Tabletas,LIPITOR,LIPITOR 20 MG CAJA X 30 TABLETAS,30,97785,119250,3259.5,https://www.olimpica.com/lipitor-20-mg-caja-x-30-tabletas-7703283405700-1404172/p
2026-10-08,Locatel,atorvastatina,40 mg,Atorvastatina 40Mg X 10 Tabletas,GENFAR,ATORVASTATINA 40MG X 10 TABLETAS,10,55500,55500,5550.0,https://www.locatelcolombia.com/7705959012755-atorvastatina-40mg-x-10-tabletas/p
2026-10-08,Locatel,atorvastatina,40 mg,Atorvastatina 40Mg Ag X 10 Tabletas,AMERICAN GENERICS,ATORVASTATINA 40MG AG X 10 TABLETAS,10,59350,59350,5935.0,https://www.locatelcolombia.com/7706569022646-atorvastatina-40mg-ag-x-10-tabletas/p
2026-10-08,Locatel,atorvastatina,40 mg,Atorvastatina Mk 40Mg X 30 Tabletas,MK,ATORVASTATINA MK 40MG X 30 TABLETAS,30,98950,98950,3298.33,https://www.locatelcolombia.com/7702057707057-atorvastatina-mk-40mg-x-30-tabletas-1/p
2026-10-08,Locatel,atorvastatina,40 mg,Atorvastatina La Sante 40Mg X 30 Tabletas,LA SANTE,ATORVASTATINA LA SANTE 40MG X 30 TABLETAS,30,106950,106950,3565.0,https://www.locatelcolombia.com/7703763194452-atorvastatina-la-sante-40mg-x-30-tabletas/p
2026-10-08,Locatel,atorvastatina,40 mg,Atorvastatina Genfar 40Mg X 30 Tabletas Recubiertas,GENFAR,ATORVASTATINA GENFAR 40MG X 30 TABLETAS RECUBIERTAS,30,130900,130900,4363.33,https://www.locatelcolombia.com/7705959885717-atorvastatina-genfar-40mg-x-30-tabletas-recubiertas/p
2026-10-08,Olímpica,atorvastatina,40 mg,ATORVASTATINA 40 MG CAJA X 10 TABLETAS,ATORVASTATINA,ATORVASTATINA 40 MG CAJA X 10 TABLETAS,10,31900,31900,3190.0,https://www.olimpica.com/atorvastatina-40-mg-cj-x-10-tab-ecar/p
2026-10-08,Olímpica,atorvastatina,40 mg,Atorvastatina Genfar 40 Mg Caja X 10 Tabletas,WINTROPH,ATORVASTATINA GENFAR 40 MG CAJA X 10 TABLETAS ATORVASTATINA 40 MG CAJA X 10 TABLETAS GENFAR,10,58350,58350,5835.0,https://www.olimpica.com/atorvastatina-40-mg-caja-x-10-tabletas-genfar-7705959012755-1269428/p
2026-10-08,Olímpica,atorvastatina,40 mg,Atorvastatina 40 Mg American Generics X10 Tabletas,AMERICAN GENERICS,ATORVASTATINA 40 MG AMERICAN GENERICS X10 TABLETAS ATORVASTATINA 40 MG CAJA X 10 TABLETAS AMERICAN GENERICS,10,62850,62850,6285.0,https://www.olimpica.com/atorvastatina-40-mg-caja-x-10-tabletas-american-generics-7706569022646-845465/p
2026-10-08,Olímpica,atorvastatina,40 mg,ATORVASTATINA 40MG CJ X 30 TAB EC,ECAR,ATORVASTATINA 40MG CJ X 30 TAB EC,30,91200,91200,3040.0,https://www.olimpica.com/atorvastatina-40mg-cj-x-30-tab-ec/p
2026-10-08,Olímpica,atorvastatina,40 mg,Atorvastatina 40 Mg Cj X 30 Tab Ls,SIN MARCA,ATORVASTATINA 40 MG CJ X 30 TAB LS,30,116750,116750,3891.67,https://www.olimpica.com/atorvastatina-40-mg-cj-x-30-tab-ls/p
2026-10-08,Olímpica,atorvastatina,40 mg,Atorvastatina Mk 40 Mg Caja X 30 Tabletas,MKGENERICO,ATORVASTATINA MK 40 MG CAJA X 30 TABLETAS,30,164600,164600,5486.67,https://www.olimpica.com/atorvastatina-mk-40-mg-caja-x-30-tabletas-7702057707057-1318891/p
2026-10-08,Olímpica,atorvastatina,40 mg,Lipitor 40 Mg Caja X 30 Tabletas,PFIZER,LIPITOR 40 MG CAJA X 30 TABLETAS,30,168469,205450,5615.63,https://www.olimpica.com/lipitor-40-mg-caja-x-30-tabletas-7703283405731-1279813/p
2026-10-08,Locatel,atorvastatina,80 mg,Lipitor 80Mg Caja X 30 Tabletas Pfizer,LIPITOR,LIPITOR 80MG CAJA X 30 TABLETAS PFIZER,30,307750,307750,10258.33,https://www.locatelcolombia.com/7703283401696-lipitor-80mg-caja-x-30-tabletas-pfizer/p
2026-10-08,Olímpica,atorvastatina,80 mg,Lipitor Atorvastatina 80 Mg Caja X 30 Tabletas,PFIZER,LIPITOR ATORVASTATINA 80 MG CAJA X 30 TABLETAS LIPITOR 80 MG CAJA X 30 TAB,30,314200,314200,10473.33,https://www.olimpica.com/lipitor-80-mg-caja-x-30-tab-7703283405755-1279815/p
2026-10-08,La Rebaja,azitromicina,500 mg,AZITROMICINA 500 MG (MEMPHIS),MEMPHIS,CAJA X 3 TAB,3,12000,12000,4000.0,https://www.larebajavirtual.com/azitromicina-500-mg-memphis-156439/p
2026-10-08,La Rebaja,azitromicina,500 mg,AZITROMICINA 500 MG (GENFAR),GENFAR,CAJA X 3 TAB,3,13320,14800,4440.0,https://www.larebajavirtual.com/azitromicina-500-mg-genfar-38244/p
2026-10-08,La Rebaja,azitromicina,500 mg,AZITROMICINA 500 MG (COASPHARMA),COASPHARMA,CAJA X 3 TAB,3,14200,14200,4733.33,https://www.larebajavirtual.com/azitromicina-500-mg-coaspharma-22748/p
2026-10-08,La Rebaja,azitromicina,500 mg,AZITROMICINA 500 MG (LA SANTE),LA SANTE,CAJA X 3 TAB,3,16100,16100,5366.67,https://www.larebajavirtual.com/azitromicina-500-mg-la-sante-47434/p
2026-10-08,La Rebaja,azitromicina,500 mg,AZITROMICINA 500 MG (MK),MK,CAJA X 3 TAB,3,17800,17800,5933.33,https://www.larebajavirtual.com/azitromicina-500-mg-mk-38075/p
2026-10-08,Locatel,azitromicina,500 mg,Genfar Azitromicina 500Mg Caja X 3 Tabletas Recubiertas,GENFAR,GENFAR AZITROMICINA 500MG CAJA X 3 TABLETAS RECUBIERTAS,3,14600,14600,4866.67,https://www.locatelcolombia.com/7702605100491-genfar-azitromicina-500mg-caja-x-3-tabletas-recubiertas/p
2026-10-08,Locatel,azitromicina,500 mg,Azitromicina 500Mg Caja X 3 Tabletas La Sante,LA SANTE,AZITROMICINA 500MG CAJA X 3 TABLETAS LA SANTE,3,15850,15850,5283.33,https://www.locatelcolombia.com/7703763700110-azitromicina-500mg-caja-x-3-tabletas-la-sante/p
2026-10-08,Locatel,azitromicina,500 mg,Azitromicina Colmed 500Mg X 3 Capsulas Duras,COLMED,AZITROMICINA COLMED 500MG X 3 CAPSULAS DURAS,3,15900,15900,5300.0,https://www.locatelcolombia.com/7703153039325-azitromicina-colmed-500mg-x-3-capsulas-duras/p
2026-10-08,Locatel,azitromicina,500 mg,Azitromicina Mk 500Mg Caja X 3 Tabletas Cubiertas,AZITROMICINA,AZITROMICINA MK 500MG CAJA X 3 TABLETAS CUBIERTAS,3,16000,16000,5333.33,https://www.locatelcolombia.com/7702057070939-azitromicina-mk-500mg-caja-x-3-tabletas-cubiertas-1/p
2026-10-08,Olímpica,azitromicina,500 mg,Azitromicina 500 Mg Genfar X3 Tabletas,GENFAR,AZITROMICINA 500 MG GENFAR X3 TABLETAS AZITROMICINA 500 MG X 3 TABLETAS GENFAR,3,13250,13250,4416.67,https://www.olimpica.com/azitromicina-500-mg-x-3-tabletas-genfar-7702605100491-632383/p
2026-10-08,Olímpica,azitromicina,500 mg,Azitromicina 500 Mg La Santé X3 Tabletas,LA SANTE GENERICOS,AZITROMICINA 500 MG LA SANTE X3 TABLETAS AZITROMICINA 500 MG CAJA X 3 TABLETAS LA SANTE,3,14200,14200,4733.33,https://www.olimpica.com/azitromicina-500-mg-caja-x-3-tabletas-la-sante-7703763700110-636753/p
2026-10-08,Olímpica,azitromicina,500 mg,Azitromicina 500 Mg MK X3 Tabletas,MKGENERICO,AZITROMICINA 500 MG MK X3 TABLETAS AZITROMICINA 500 MG CAJA X 3 TABLETAS MK,3,17100,17100,5700.0,https://www.olimpica.com/azitromicina-500-mg-caja-x-3-tabletas-mk-7702057070939-33972/p
2026-10-08,Olímpica,azitromicina,500 mg,Azitromicina 500 Mg American Generics X3 Tabletas,AMERICAN GENERICS,AZITROMICINA 500 MG AMERICAN GENERICS X3 TABLETAS AZITROMICINA 500 MG CAJA X 3 TABLETAS AMERICAN GENERICS,3,17600,17600,5866.67,https://www.olimpica.com/azitromicina-500-mg-caja-x-3-tabletas-american-generics-7706569001245-692031/p
2026-10-08,Olímpica,azitromicina,500 mg,Tromix Azitromicina 500 Mg Lafrancol X3 Tabletas,LAFRANCOL FARMA,TROMIX AZITROMICINA 500 MG LAFRANCOL X3 TABLETAS TROMIX 500 MG CAJA X 3 TABLETAS,3,109250,109250,36416.67,https://www.olimpica.com/tromix-500-mg-caja-x-3-tabletas-7702870000649-491073/p
2026-10-08,Olímpica,azitromicina,500 mg,Tromix Azitromicina 500 Mg Lafrancol X6 Tabletas,LAFRANCOL FARMA,TROMIX AZITROMICINA 500 MG LAFRANCOL X6 TABLETAS TROMIX 500 MG CAJA X 6 TABLETAS,6,124750,124750,20791.67,https://www.olimpica.com/tromix-500-mg-caja-x-6-tabletas-7702870072837-2054664/p
2026-10-08,La Rebaja,cetirizina,10 mg,CETIRIZINA 10 MG (AG),AG,CAJA X 10 TAB,10,7200,7200,720.0,https://www.larebajavirtual.com/cetirizina-10-mg-ag-58095/p
2026-10-08,La Rebaja,cetirizina,10 mg,CETIRIZINA 10 MG (GENFAR),GENFAR,CAJA X 10 TAB,10,7900,9300,790.0,https://www.larebajavirtual.com/cetirizina-10-mg-genfar-32956/p
2026-10-08,La Rebaja,cetirizina,10 mg,CETIRIZINA 10 MG (LA SANTE),LA SANTE,CAJA X 10 TAB,10,8900,8900,890.0,https://www.larebajavirtual.com/cetirizina-10-mg-la-sante-35623/p
2026-10-08,La Rebaja,cetirizina,10 mg,CETIRIZINA 10 MG (MK),MK,CAJA X 10 TAB,10,11500,11500,1150.0,https://www.larebajavirtual.com/cetirizina-10-mg-mk-68029/p
2026-10-08,La Rebaja,cetirizina,10 mg,ZIRIN 10 MG (CETIRIZINA),ZIRIN,CAJA X 10 CAP,10,14700,14700,1470.0,https://www.larebajavirtual.com/zirin-10-mg-157777/p
2026-10-08,Locatel,cetirizina,10 mg,Cetirizina 10Mg Ag X 10 Tabletas,AMERICAN GENERICS,CETIRIZINA 10MG AG X 10 TABLETAS,10,6950,6950,695.0,https://www.locatelcolombia.com/7706569001467-cetirizina-10mg-ag-x-10-tabletas/p
2026-10-08,Locatel,cetirizina,10 mg,Cetirizina 10Mg Caja X 10 Tabletas La Sante,LA SANTE,CETIRIZINA 10MG CAJA X 10 TABLETAS LA SANTE,10,8850,8850,885.0,https://www.locatelcolombia.com/7703763610129-cetirizina-10mg-caja-x-10-tabletas-la-sante/p
2026-10-08,Locatel,cetirizina,10 mg,Genfar Cetirizina 10Mg Caja X 10 Tabletas Recubiertas,GENFAR,GENFAR CETIRIZINA 10MG CAJA X 10 TABLETAS RECUBIERTAS,10,8900,8900,890.0,https://www.locatelcolombia.com/7702605102693-genfar-cetirizina-10mg-caja-x-10-tabletas-recubiertas/p
2026-10-08,Locatel,cetirizina,10 mg,Cetirizina Mk 10Mg Caja X 10 Tabletas Recubiertas,MK,CETIRIZINA MK 10MG CAJA X 10 TABLETAS RECUBIERTAS,10,8950,8950,895.0,https://www.locatelcolombia.com/7702057078584-cetirizina-mk-10mg-caja-x-10-tabletas-recubiertas-1/p
2026-10-08,Olímpica,cetirizina,10 mg,Cetirizina 10 Mg American Generics X10 Tabletas,AMERICAN GENERICS,CETIRIZINA 10 MG AMERICAN GENERICS X10 TABLETAS CETIRIZINA 10 MG CAJA X 10 TABLETAS AMERICAN GENERICS,10,6900,6900,690.0,https://www.olimpica.com/cetirizina-10-mg-caja-x-10-tabletas-american-generics-7706569001467-1097043/p
2026-10-08,Olímpica,cetirizina,10 mg,Cetirizina 10 Mg La Santé X10 Tabletas,LA SANTE GENERICOS,CETIRIZINA 10 MG LA SANTE X10 TABLETAS CETIRIZINA 10 MG CAJA X 10 TABLETAS LA SANTE,10,7800,7800,780.0,https://www.olimpica.com/cetirizina-10-mg-caja-x-10-tabletas-la-sante-7703763610129-139060/p
2026-10-08,Olímpica,cetirizina,10 mg,CETIRIZINA 10MG CJ X 10 TAB ECAR,CETIRIZINA,CETIRIZINA 10MG CJ X 10 TAB ECAR,10,9100,9100,910.0,https://www.olimpica.com/cetirizina-10mg-cj-x-10-tab-ecar/p
2026-10-08,Olímpica,cetirizina,10 mg,Cetirizina 10 Mg MK X10 Tabletas,MKGENERICO,CETIRIZINA 10 MG MK X10 TABLETAS CETIRIZINA 10 MG CAJA X 10 TABLETAS MK,10,10050,10050,1005.0,https://www.olimpica.com/cetirizina-10-mg-caja-x-10-tabletas-mk-7702057078584-1603820/p
2026-10-08,Locatel,desloratadina,5 mg,Genfar Desloratadina 5Mg Caja X 10 Tabletas,GENFAR,GENFAR DESLORATADINA 5MG CAJA X 10 TABLETAS,10,34750,34750,3475.0,https://www.locatelcolombia.com/7702605107063-genfar-desloratadina-5mg-caja-x-10-tabletas-1/p
2026-10-08,Locatel,desloratadina,5 mg,Desloratadina Mk 5Mg Caja X 10 Tabletas Recubiertas,MK,DESLORATADINA MK 5MG CAJA X 10 TABLETAS RECUBIERTAS,10,50800,50800,5080.0,https://www.locatelcolombia.com/7702057074845-desloratadina-mk-5mg-caja-x-10-tabletas-recubiertas-1/p
2026-10-08,Olímpica,desloratadina,5 mg,Desloratadina 5 Mg Genfar X10 Tabletas,GENFAR,DESLORATADINA 5 MG GENFAR X10 TABLETAS DESLORATADINA 5MG CAJA X 10 TABLETAS GENFAR,10,29200,29200,2920.0,https://www.olimpica.com/desloratadina-5mg-caja-x-10-tabletas-genfar-7702605107063-829127/p
2026-10-08,Olímpica,desloratadina,5 mg,Desloratadina 5 Mg American Generics X10 Tabletas,AMERICAN GENERICS,DESLORATADINA 5 MG AMERICAN GENERICS X10 TABLETAS DESLORATADINA 5 MG CAJA X 10 TABLETAS AMERICAN GENERICS,10,32700,32700,3270.0,https://www.olimpica.com/desloratadina-5-mg-caja-x-10-tabletas-american-generics-7706569022035-1603455/p
2026-10-08,Olímpica,desloratadina,5 mg,Desloratadina 5 Mg La Santé X10 Tabletas,LA SANTE GENERICOS,DESLORATADINA 5 MG LA SANTE X10 TABLETAS DESLORATADINA 5 MG CAJA X 10 TABLETAS LA SANTE,10,39100,39100,3910.0,https://www.olimpica.com/desloratadina-5-mg-caja-x-10-tabletas-la-sante-7703763393015-1270808/p
2026-10-08,Olímpica,desloratadina,5 mg,Desloratadina 5 Mg MK X10 Tabletas,MKGENERICO,DESLORATADINA 5 MG MK X10 TABLETAS DESLORATADINA 5MG CAJA X 10 TABLETAS MK,10,50300,50300,5030.0,https://www.olimpica.com/desloratadina-5mg-caja-x-10-tabletas-mk-7702057074845-1184132/p
2026-10-08,Locatel,diclofenaco,100 g,Voltaren Emulgel Tubo X 100G,VOLTAREN,VOLTAREN EMULGEL TUBO X 100G,,94600,94600,,https://www.locatelcolombia.com/7501124814090-voltaren-emulgel-tubo-x-100g-1/p
2026-10-08,La Rebaja,diclofenaco,100 mg,DICLOFENACO 100 MG (AG),AG,CAJA X 20 TAB,20,15100,15100,755.0,https://www.larebajavirtual.com/diclofenaco-100-mg-ag-61094/p
2026-10-08,La Rebaja,diclofenaco,100 mg,DICLOFENACO RETARD 100 MG (LA SANTE),LA SANTE,CAJA X 20 TAB,20,18500,18500,925.0,https://www.larebajavirtual.com/diclofenaco-retard-100-mg-la-sante-38420/p
2026-10-08,La Rebaja,diclofenaco,100 mg,DICLOFENACO RET 100 MG (MK),MK,CAJA X 20 TAB,20,24000,24000,1200.0,https://www.larebajavirtual.com/diclofenaco-ret-100-mg-mk-42994/p
2026-10-08,Locatel,diclofenaco,100 mg,Diclofenaco 100 Mg X 20 Capsulas,AMERICAN GENERICS,DICLOFENACO 100 MG X 20 CAPSULAS,20,16950,16950,847.5,https://www.locatelcolombia.com/7706569000958-diclofenaco-100-mg-x-20-capsulas/p
2026-10-08,Locatel,diclofenaco,100 mg,Diclofenaco Mk Retard 100Mg Caja X 20 Capsulas Liberacion Prolongada,MK,DICLOFENACO MK RETARD 100MG CAJA X 20 CAPSULAS LIBERACION PROLONGADA,20,21950,21950,1097.5,https://www.locatelcolombia.com/7702057072230-diclofenaco-mk-retard-100mg-caja-x-20-capsulas-liberacion-prolongada-1/p
2026-10-08,Locatel,diclofenaco,100 mg,Voltaren Retard 100Mg X 10 Grageas,VOLTAREN,VOLTAREN RETARD 100MG X 10 GRAGEAS,10,73650,73650,7365.0,https://www.locatelcolombia.com/7896261005211-voltaren-retard-100mg-x-10-grageas/p
2026-10-08,Olímpica,diclofenaco,100 mg,Diclofenaco American Generics 100 Mg Caja X 20 Tabletas,AMERICAN GENERICS,DICLOFENACO AMERICAN GENERICS 100 MG CAJA X 20 TABLETAS DICLOFENACO 100 MG CAJA X 20 TABLETAS AMERICAN GENERICS,20,14400,14400,720.0,https://www.olimpica.com/diclofenaco-100-mg-caja-x-20-tabletas-american-generics-7706569000958-1563989/p
2026-10-08,Olímpica,diclofenaco,100 mg,Diclofenaco Ret 100Mg X 20 Tab,SIN MARCA,DICLOFENACO RET 100MG X 20 TAB,20,16050,16050,802.5,https://www.olimpica.com/diclofenaco-ret-100mg-x-20-tab/p
2026-10-08,Olímpica,diclofenaco,100 mg,Diclofenaco 100 Mg MK X20 Cápsulas,MKGENERICO,DICLOFENACO 100 MG MK X20 CAPSULAS DICLOFENACO RETARD 100 MG CAJA X 20 CAP MK,20,21550,21550,1077.5,https://www.olimpica.com/diclofenaco-retard-100-mg-caja-x-20-cap-mk-7702057072230-530939/p
2026-10-08,Locatel,diclofenaco,30 g,Voltaren Emulgel X 30G,VOLTAREN,VOLTAREN EMULGEL X 30G,,43150,43150,,https://www.locatelcolombia.com/7896261005679-voltaren-emulgel-tubo-x-30g-1/p
2026-10-08,La Rebaja,diclofenaco,50 mg,DICLOFENACO 50 MG ( LA SANTE),LA SANTE,CAJA X 20.00 TAB,20,5100,5100,255.0,https://www.larebajavirtual.com/diclofenaco-50-mg-la-sante-40545/p
2026-10-08,La Rebaja,diclofenaco,50 mg,DICLOFENACO 50 MG (MK),MK,CAJA X 20 TAB,20,5500,5500,275.0,https://www.larebajavirtual.com/diclofenaco-50-mg-mk-38076/p
2026-10-08,La Rebaja,diclofenaco,50 mg,DICLOFENACO 50 MG (COASPHARMA),COASPHARMA,CAJA X 20 TAB,20,6100,6100,305.0,https://www.larebajavirtual.com/diclofenaco-50-mg-coaspharma-33662/p
2026-10-08,La Rebaja,diclofenaco,50 mg,DICLOFENACO 50 MG (GENFAR),GENFAR,CAJA X 30 TAB,30,8200,8200,273.33,https://www.larebajavirtual.com/diclofenaco-50-mg-genfar-38210/p
2026-10-08,Locatel,diclofenaco,50 mg,Diclofenaco 50Mg X 20 Tabletas,LA SANTE,DICLOFENACO 50MG X 20 TABLETAS,20,4300,4300,215.0,https://www.locatelcolombia.com/7703763280612-diclofenaco-50mg-x-20-tabletas/p
2026-10-08,Locatel,diclofenaco,50 mg,Diclofenaco Mk 50Mg Caja X 20 Tabletas Cubiertas,MK,DICLOFENACO MK 50MG CAJA X 20 TABLETAS CUBIERTAS,20,5900,5900,295.0,https://www.locatelcolombia.com/7702057072193-diclofenaco-mk-50mg-caja-x-20-tabletas-cubiertas/p
2026-10-08,Locatel,diclofenaco,50 mg,Voltaren 50Mg,VOLTAREN,VOLTAREN 50MG X 30 GRAGEAS,30,85950,85950,2865.0,https://www.locatelcolombia.com/7702635122029-voltaren-50mg/p
2026-10-08,Olímpica,diclofenaco,50 mg,Diclofenaco Sódico 50 Mg La Santé X20 Tabletas,LA SANTE GENERICOS,DICLOFENACO SODICO 50 MG LA SANTE X20 TABLETAS DICLOFENACO 50 MG CAJA X 20 TABLETAS LA SANTE,20,4050,4050,202.5,https://www.olimpica.com/diclofenaco-50-mg-caja-x-20-tabletas-la-sante-7703763280612-74029/p
2026-10-08,Olímpica,diclofenaco,50 mg,Diclofenaco 50 Mg MK X20 Tabletas,MKGENERICO,DICLOFENACO 50 MG MK X20 TABLETAS DICLOFENACO 50 MG CAJA X 20 TABLETAS MK,20,4400,4400,220.0,https://www.olimpica.com/diclofenaco-50-mg-caja-x-20-tabletas-mk-7702057072193-74184/p
2026-10-08,Olímpica,diclofenaco,50 mg,Diclofenaco 50 Mg Genfar X30 Tabletas,GENFAR,DICLOFENACO 50 MG GENFAR X30 TABLETAS DICLOFENACO 50 MG CAJA X 30 TABLETAS GENFAR,30,6700,6700,223.33,https://www.olimpica.com/diclofenaco-50-mg-caja-x-30-tabletas-genfar-7702605100866-555312/p
2026-10-08,Olímpica,diclofenaco,50 mg,Voltaren 50 Mg Novartis X30 Grageas,NOVARTIS-FARMA,VOLTAREN 50 MG NOVARTIS X30 GRAGEAS VOLTAREN 50 MG CAJA X 30 GRAGEAS,30,80300,80300,2676.67,https://www.olimpica.com/voltaren-50-mg-caja-x-30-grageas-7702635122029-110329/p
2026-10-08,Locatel,diclofenaco,60 g,Voltaren Emulgel X 60G,VOLTAREN,VOLTAREN EMULGEL X 60G,,74600,74600,,https://www.locatelcolombia.com/7441129800875-voltaren-emulgel-x-60g-1/p
2026-10-08,La Rebaja,enalapril,20 mg,ENALAPRIL 20 MG (COASPHARMA),COASPHARMA,CAJA X 20 TAB,20,8400,8400,420.0,https://www.larebajavirtual.com/enalapril-20-mg-coaspharma-33665/p
2026-10-08,La Rebaja,enalapril,20 mg,ENALAPRIL 20 MG (MK),MK,CAJA X 30 TAB,30,14800,14800,493.33,https://www.larebajavirtual.com/enalapril-20-mg-mk-150528/p
2026-10-08,Locatel,enalapril,20 mg,Enalapril Mk 20Mg Caja X 30 Tabletas,MK,ENALAPRIL MK 20MG CAJA X 30 TABLETAS,30,12900,12900,430.0,https://www.locatelcolombia.com/7702057715151-enalapril-mk-20mg-caja-x-30-tabletas/p
2026-10-08,Olímpica,enalapril,20 mg,ENALAPRIL 20 MG CJ X 30 TAB MK,SIN MARCA,ENALAPRIL 20 MG CJ X 30 TAB MK,30,7450,7450,248.33,https://www.olimpica.com/enalapril-20-mg-cj-x-30-tab-mk/p
2026-10-08,Olímpica,enalapril,20 mg,ENALAPRIL 20MG CJ X 30 TAB MK,ENALAPRIL,ENALAPRIL 20MG CJ X 30 TAB MK,30,11550,11550,385.0,https://www.olimpica.com/enalapril-20mg-cj-x-30-tab-mk/p
2026-10-08,La Rebaja,enalapril,5 mg,ENALAPRIL 5 MG (COASPHARMA),COASPHARMA,BLISTER X 10,10,2600,2600,260.0,https://www.larebajavirtual.com/enalapril-5-mg-coaspharma-13269/p
2026-10-08,La Rebaja,enalapril,5 mg,ENALAPRIL 5 MG (MK),MK,BLISTER X 10,10,4200,4200,420.0,https://www.larebajavirtual.com/enalapril-5-mg-mk-42972/p
2026-10-08,Locatel,enalapril,5 mg,Enalapril Mk 5Mg Caja X 50 Tabletas,MK,ENALAPRIL MK 5MG CAJA X 50 TABLETAS,50,18950,18950,379.0,https://www.locatelcolombia.com/7702057072629-enalapril-mk-5mg-caja-x-50-tabletas/p
2026-10-08,Olímpica,enalapril,5 mg,ENALAPRIL 5 MG CAJA X 50 TABLETAS,ENALAPRIL,ENALAPRIL 5 MG CAJA X 50 TABLETAS,50,18050,18050,361.0,https://www.olimpica.com/enalapril-5-mg-caja-x-50-tableta-mk/p
2026-10-08,Locatel,esomeprazol,20 mg,Esomeprazol Mk 20Mg Caja X 10 Tabletas Cubiertas,MK,ESOMEPRAZOL MK 20MG CAJA X 10 TABLETAS CUBIERTAS,10,36700,36700,3670.0,https://www.locatelcolombia.com/7702057076962-esomeprazol-mk-20mg-caja-x-10-tabletas-cubiertas-1/p
2026-10-08,Locatel,esomeprazol,20 mg,Esomeprazol 20Mg Ag X 14 Tabletas,AMERICAN GENERICS,ESOMEPRAZOL 20MG AG X 14 TABLETAS,14,51950,51950,3710.71,https://www.locatelcolombia.com/7706569021755-esomeprazol-20mg-ag-x-14-tabletas/p
2026-10-08,Locatel,esomeprazol,20 mg,Esomeprazol 20Mg Caja X 30 Tabletas,PROCAPS,ESOMEPRAZOL 20MG CAJA X 30 TABLETAS,30,55550,55550,1851.67,https://www.locatelcolombia.com/7703153022068-esomeprazol-20mg-caja-x-30-tabletas-1/p
2026-10-08,Locatel,esomeprazol,20 mg,Esomeprazol A.G 20mg X 30 Tabletas,AMERICAN GENERICS,ESOMEPRAZOL A.G 20MG X 30 TABLETAS,30,74600,74600,2486.67,https://www.locatelcolombia.com/7706569854162-esomeprazol-a-g-20mg-x-30-tabletas/p
2026-10-08,Locatel,esomeprazol,20 mg,Esomeprazol 20Mg La Sante X 30 Tabletas,LA SANTE,ESOMEPRAZOL 20MG LA SANTE X 30 TABLETAS,30,79950,79950,2665.0,https://www.locatelcolombia.com/7703763429790-esomeprazol-20mg-la-sante-x-30-tabletas/p
2026-10-08,Locatel,esomeprazol,20 mg,Esomeprazol Mk 20Mg X 30 Tabletas Cubiertas,MK,ESOMEPRAZOL MK 20MG X 30 TABLETAS CUBIERTAS,30,104950,104950,3498.33,https://www.locatelcolombia.com/7702057708993-esomeprazol-mk-20mg-x-30-tabletas-cubiertas-1/p
2026-10-08,Locatel,esomeprazol,20 mg,Nexium Mups 20 Mg Caja X 28 Comprimidos,ASTRAZENECA,NEXIUM MUPS 20 MG CAJA X 28 COMPRIMIDOS,28,198150,198150,7076.79,https://www.locatelcolombia.com/7321831621886-nexium-mups-20-mg-caja-x-28-comprimidos/p
2026-10-08,Olímpica,esomeprazol,20 mg,Esomeprazol Genfar 20 Mg Caja X 10 Tabletas,GENFAR,ESOMEPRAZOL GENFAR 20 MG CAJA X 10 TABLETAS ESOMEPRAZOL 20 MG CAJA X 10 TABLETAS GENFAR,10,33650,33650,3365.0,https://www.olimpica.com/esomeprazol-20-mg-caja-x-10-tabletas-genfar-7702605105618-1203269/p
2026-10-08,Olímpica,esomeprazol,20 mg,Esomeprazol AG 20 Mg Caja X 14 Tabletas,AMERICAN GENERICS,ESOMEPRAZOL AG 20 MG CAJA X 14 TABLETAS ESOMEPRAZOL 20 MG CAJA X 14 TABLETAS AMERICAN GENERICS,14,53100,53100,3792.86,https://www.olimpica.com/esomeprazol-20-mg-caja-x-14-tabletas-american-generics-7706569021755-1592203/p
2026-10-08,Olímpica,esomeprazol,20 mg,Esomeprazol CMD 20 Mg Caja X 30 Tabletas,COLMED,ESOMEPRAZOL CMD 20 MG CAJA X 30 TABLETAS ESOMEPRAZOL 20 MG CAJA X 30 TABLETASLETA CMD,30,55250,55250,1841.67,https://www.olimpica.com/esomeprazol-20-mg-caja-x-30-tabletasleta-cmd-7703153022068-1561438/p
2026-10-08,Olímpica,esomeprazol,20 mg,Esomeprazol 20 Mg X30 Tabletas,LA SANTE GENERICOS,ESOMEPRAZOL 20 MG X30 TABLETAS ESOMEPRAZOL 20 MG CJ X 30 TAB LS,30,84100,84100,2803.33,https://www.olimpica.com/esomeprazol-20-mg-cj-x-30-tab-ls-7703763429790-2197084/p
2026-10-08,Olímpica,esomeprazol,20 mg,ESOMEPRAZOL 20 MG CJ X 30 TAB AG,SIN MARCA,ESOMEPRAZOL 20 MG CJ X 30 TAB AG,30,88100,88100,2936.67,https://www.olimpica.com/esomeprazol-20-mg-cj-x-30-tab-ag/p
2026-10-08,Olímpica,esomeprazol,20 mg,Esomeprazol 20 Mg MK X30 Tabletas,MKGENERICO,ESOMEPRAZOL 20 MG MK X30 TABLETAS ESOMEPRAZOL 20 MG CA X 30 TABLETAS MK,30,113250,113250,3775.0,https://www.olimpica.com/esomeprazol-20-mg-ca-x-30-tabletas-mk-7702057708993-2030689/p
2026-10-08,Olímpica,esomeprazol,20 mg,Nexium Mups 20 Mg Astrazeneca X28 Tabletas,ASTRAZENECA,NEXIUM MUPS 20 MG ASTRAZENECA X28 TABLETAS NEXIUM MUPS 20 MG CAJA X 28 TABLETAS,28,202500,202500,7232.14,https://www.olimpica.com/nexium-mups-20-mg-caja-x-28-tabletas-7896206406011-887125/p
2026-10-08,Locatel,esomeprazol,40 mg,Esomeprazol Mk 40Mg Tab Caja X 10 Tabletas Cubiertas,MK,ESOMEPRAZOL MK 40MG TAB CAJA X 10 TABLETAS CUBIERTAS,10,37950,37950,3795.0,https://www.locatelcolombia.com/7702057074630-esomeprazol-mk-40mg-tab-caja-x-10-tabletas-cubiertas-1/p
2026-10-08,Locatel,esomeprazol,40 mg,Esomeprazol 40Mg Ag X 14 Tabletas,AMERICAN GENERICS,ESOMEPRAZOL 40MG AG X 14 TABLETAS,14,49950,49950,3567.86,https://www.locatelcolombia.com/7706569021762-esomeprazol-40mg-ag-x-14-tabletas/p
2026-10-08,Locatel,esomeprazol,40 mg,Esomeprazol 40 Mg Caja X 30 Tabletas,PROCAPS,ESOMEPRAZOL 40 MG CAJA X 30 TABLETAS,30,64800,64800,2160.0,https://www.locatelcolombia.com/7703153022075-esomeprazol-40-mg-caja-x-30-tabletas-1/p
2026-10-08,Locatel,esomeprazol,40 mg,Esomeprazol A.G 40mg X 30 Tabletas,AMERICAN GENERICS,ESOMEPRAZOL A.G 40MG X 30 TABLETAS,30,85650,85650,2855.0,https://www.locatelcolombia.com/7706569154606-esomeprazol-a-g-40mg-x-30-tabletas/p
2026-10-08,Locatel,esomeprazol,40 mg,Esomeprazol La Sante 40Mg X 30 Tabletas,LA SANTE,ESOMEPRAZOL LA SANTE 40MG X 30 TABLETAS,30,97450,97450,3248.33,https://www.locatelcolombia.com/7703763666263-esomeprazol-la-sante-40mg-x-30-tabletas/p
2026-10-08,Locatel,esomeprazol,40 mg,Esomeprazol Mk 40Mg Caja X 30 Tabletas,MK,ESOMEPRAZOL MK 40MG CAJA X 30 TABLETAS,30,110400,110400,3680.0,https://www.locatelcolombia.com/7702057709006-esomeprazol-mk-40mg-caja-x-30-tabletas--1/p
2026-10-08,Locatel,esomeprazol,40 mg,Nexium Mups 40Mg Caja X 14 Capsulas,ASTRAZENECA,NEXIUM MUPS 40MG CAJA X 14 CAPSULAS,14,151750,151750,10839.29,https://www.locatelcolombia.com/7321831621923-nexium-mups-40mg-caja-x-14-capsulas/p
2026-10-08,Locatel,esomeprazol,40 mg,Nexium Mups 40Mg Caja X 28 Comprimidos,ASTRAZENECA,NEXIUM MUPS 40MG CAJA X 28 COMPRIMIDOS,28,233900,233900,8353.57,https://www.locatelcolombia.com/7321831621930-nexium-mups-40mg-caja-x-28-comprimidos-1/p
2026-10-08,Olímpica,esomeprazol,40 mg,Esomeprazol Genfar 40 Mg Caja X 10 Tabletas,GENFAR,ESOMEPRAZOL GENFAR 40 MG CAJA X 10 TABLETAS ESOMEPRAZOL 40 MG CAJA X 10 TABLETAS GENFAR,10,34300,34300,3430.0,https://www.olimpica.com/esomeprazol-40-mg-caja-x-10-tabletas-genfar-7702605105601-1203276/p
2026-10-08,Olímpica,esomeprazol,40 mg,Esomeprazol AG 40 Mg Caja X 14 Tabletas,AMERICAN GENERICS,ESOMEPRAZOL AG 40 MG CAJA X 14 TABLETAS ESOMEPRAZOL 40 MG CAJA X 14 TABLETAS AMERICAN GENERICS,14,58500,58500,4178.57,https://www.olimpica.com/esomeprazol-40-mg-caja-x-14-tabletas-american-generics-7706569021762-1592204/p
2026-10-08,Olímpica,esomeprazol,40 mg,Esomeprazol 40 Mg Colmed X30 Tabletas,COLMED,ESOMEPRAZOL 40 MG COLMED X30 TABLETAS ESOMEPRAZOL 40 MG CAJA X 30 TABLETASLETA CMD,30,65700,65700,2190.0,https://www.olimpica.com/esomeprazol-40-mg-caja-x-30-tabletasleta-cmd-7703153022075-1561423/p
2026-10-08,Olímpica,esomeprazol,40 mg,ESOMEPRAZOL 40 MG CJ X 30 TAB LS,SIN MARCA,ESOMEPRAZOL 40 MG CJ X 30 TAB LS,30,95050,95050,3168.33,https://www.olimpica.com/esomeprazol-40-mg-cj-x-30-tab-ls/p
2026-10-08,Olímpica,esomeprazol,40 mg,ESOMEPRAZOL 40 MG CJ X 30 TAB AG,SIN MARCA,ESOMEPRAZOL 40 MG CJ X 30 TAB AG,30,97500,97500,3250.0,https://www.olimpica.com/esomeprazol-40-mg-cj-x-30-tab-ag/p
2026-10-08,Olímpica,esomeprazol,40 mg,Esomeprazol 40 Mg MK X30 Tabletas,MKGENERICO,ESOMEPRAZOL 40 MG MK X30 TABLETAS ESOMEPRAZOL 40MG CAJA X 30 TABLETAS MK,30,116750,116750,3891.67,https://www.olimpica.com/esomeprazol-40mg-caja-x-30-tabletas-mk-7702057709006-2030697/p
2026-10-08,Olímpica,esomeprazol,40 mg,Nexium Mups 40 Mg Astrazeneca X14 Tabletas,ASTRAZENECA,NEXIUM MUPS 40 MG ASTRAZENECA X14 TABLETAS NEXIUM MUPS 40 MG CAJA X 14 TABLETAS,14,148100,148100,10578.57,https://www.olimpica.com/nexium-mups-40-mg-caja-x-14-tabletas-7896206406028-887126/p
2026-10-08,Olímpica,esomeprazol,40 mg,Nexium Mups 40 Mg Astrazeneca X28 Tabletas,ASTRAZENECA,NEXIUM MUPS 40 MG ASTRAZENECA X28 TABLETAS NEXIUM MUPS 40 MG CAJA X 28 TABLETAS,28,236000,236000,8428.57,https://www.olimpica.com/nexium-mups-40-mg-caja-x-28-tabletas-7896206406035-887128/p
2026-10-08,La Rebaja,fluoxetina,20 mg,FLUOXETINA 20 MG (AG),AG,CAJA X 10 CAP,10,6100,6100,610.0,https://www.larebajavirtual.com/fluoxetina-20-mg-ag-55130/p
2026-10-08,La Rebaja,fluoxetina,20 mg,FLUOXETINA 20 MG (COASPHARMA),COASPHARMA,CAJA X 14 TAB,14,8400,8400,600.0,https://www.larebajavirtual.com/fluoxetina-coaspharma-10231/p
2026-10-08,La Rebaja,fluoxetina,20 mg,FLUOXETINA 20 MG (AG),AG,CAJA X 30 CAP,30,17300,17300,576.67,https://www.larebajavirtual.com/fluoxetina-20-mg-ag-18197/p
2026-10-08,La Rebaja,fluoxetina,20 mg,FLUOXETINA 20 MG (MK),MK,CAJA X 30 CAP,30,22800,22800,760.0,https://www.larebajavirtual.com/fluoxetina-20-mg-mk-153446/p
2026-10-08,Locatel,fluoxetina,20 mg,Genfar Fluoxetina 20Mg Caja X 10 Capsulas,GENFAR,GENFAR FLUOXETINA 20MG CAJA X 10 CAPSULAS,10,5800,5800,580.0,https://www.locatelcolombia.com/7702605101252-genfar-fluoxetina-20mg-caja-x-10-capsulas/p
2026-10-08,Locatel,fluoxetina,20 mg,Fluoxetina Mk 20Mg X 30 Capsulas,MK,FLUOXETINA MK 20MG X 30 CAPSULAS,30,21750,21750,725.0,https://www.locatelcolombia.com/7702057715632-fluoxetina-mk-20mg-x-30-capsulas/p
2026-10-08,Olímpica,fluoxetina,20 mg,Fluoxetina 20 Mg American Generics X10 Cápsulas,AMERICAN GENERICS,FLUOXETINA 20 MG AMERICAN GENERICS X10 CAPSULAS FLUOXETINA 20 MG CAJA X 10 CAP AMERICAN GENERICS,10,5450,5450,545.0,https://www.olimpica.com/fluoxetina-20-mg-caja-x-10-cap-american-generics-7706569000392-624116/p
2026-10-08,Olímpica,fluoxetina,20 mg,Fluoxetina 20 Mg La Santé X14 Cápsulas,LA SANTE GENERICOS,FLUOXETINA 20 MG LA SANTE X14 CAPSULAS FLUOXETINA 20 MG CAJA X 14 CAP LA SANTE,14,6700,6700,478.57,https://www.olimpica.com/fluoxetina-20-mg-caja-x-14-cap-la-sante-7703763680221-1341424/p
2026-10-08,Olímpica,fluoxetina,20 mg,Fluoxetina 20 Mg American Generics X30 Cápsulas,AMERICAN GENERICS,FLUOXETINA 20 MG AMERICAN GENERICS X30 CAPSULAS FLUOXETINA 20 MG CAJA X 30 CAP AMERICAN GENERICS,30,15000,15000,500.0,https://www.olimpica.com/fluoxetina-20-mg-caja-x-30-cap-american-generics-7706569000545-612985/p
2026-10-08,Olímpica,fluoxetina,20 mg,FLUOXETINA MK 20MG x 30 TAB,SIN MARCA,FLUOXETINA MK 20MG X 30 TAB,30,21350,21350,711.67,https://www.olimpica.com/fluoxetina-20-mg-cj-x-30-tab-mk/p
2026-10-08,La Rebaja,hidroclorotiazida,12.5 mg,HIDROCLOROTIAZIDA 12.5 MG (MK),MK,CAJA X 30 TAB,30,8400,8400,280.0,https://www.larebajavirtual.com/hidroclorotiazida-12-5-mg-mk-100048/p
2026-10-08,Locatel,hidroclorotiazida,12.5 mg,Hidroclorotiazida Mk 12.5Mg Caja X 30 Tabletas,MK,HIDROCLOROTIAZIDA MK 12.5MG CAJA X 30 TABLETAS,30,6950,6950,231.67,https://www.locatelcolombia.com/7702057033262-hidroclorotiazida-mk-12-5mg-caja-x-30-tabletas/p
2026-10-08,La Rebaja,hidroclorotiazida,25 mg,HIDROCLOROTIAZIDA 25 MG (LA SANTE),LA SANTE,CAJA X 30 TAB,30,6400,6400,213.33,https://www.larebajavirtual.com/hidroclorotiazida-25-mg-la-sante-38436/p
2026-10-08,La Rebaja,hidroclorotiazida,25 mg,HIDROCLOROTIAZIDA 25 MG (GENFAR),GENFAR,CAJA X 30 TAB,30,7100,7100,236.67,https://www.larebajavirtual.com/hidroclorotiazida-25-mg-genfar-38057/p
2026-10-08,La Rebaja,hidroclorotiazida,25 mg,HIDROCLOROTIAZIDA 25 MG (MK),MK,CAJA X 30 TAB,30,9500,9500,316.67,https://www.larebajavirtual.com/hidroclorotiazida-25-mg-mk-156595/p
2026-10-08,Locatel,hidroclorotiazida,25 mg,Genfar Hidroclorotiazida 25Mg Caja X 30 Tabletas,GENFAR,GENFAR HIDROCLOROTIAZIDA 25MG CAJA X 30 TABLETAS,30,6150,6150,205.0,https://www.locatelcolombia.com/7702605101429-genfar-hidroclorotiazida-25mg-caja-x-30-tabletas/p
2026-10-08,Locatel,hidroclorotiazida,25 mg,Hidroclorotiazida 25Mg X 30 Tabletas La Sante,LA SANTE,HIDROCLOROTIAZIDA 25MG X 30 TABLETAS LA SANTE,30,6400,6400,213.33,https://www.locatelcolombia.com/7703763460137-hidroclorotiazida-25mg-x-30-tabletas-la-sante/p
2026-10-08,Locatel,hidroclorotiazida,25 mg,Hidroclorotiazida Mk 25Mg Caja X 30 Tabletas,MK,HIDROCLOROTIAZIDA MK 25MG CAJA X 30 TABLETAS,30,8950,8950,298.33,https://www.locatelcolombia.com/7702057073503-hidroclorotiazida-mk-25mg-caja-x-30-tabletas-/p
2026-10-08,Olímpica,hidroclorotiazida,25 mg,HIDROCLOROTIAZIDA MK 25 MG BLISTER X 30 TABLETAS,SIN MARCA,HIDROCLOROTIAZIDA MK 25 MG BLISTER X 30 TABLETAS,30,5240,5240,174.67,https://www.olimpica.com/hidroclorotiazida-25-mg-cj-x-300-tab-mk---blister/p
2026-10-08,Olímpica,hidroclorotiazida,25 mg,Hidroclorotiazida 25 Mg Genfar X30 Tabletas,GENFAR,HIDROCLOROTIAZIDA 25 MG GENFAR X30 TABLETAS HIDROCLOROTIAZIDA 25 MG CAJA X 30 TABLETAS GENFAR,30,5350,5350,178.33,https://www.olimpica.com/hidroclorotiazida-25-mg-caja-x-30-tabletas-genfar-7702605101429-632609/p
2026-10-08,Olímpica,hidroclorotiazida,25 mg,Hidroclorotiazida 25 Mg MK X30 Tabletas,MKGENERICO,HIDROCLOROTIAZIDA 25 MG MK X30 TABLETAS HIDROCLOROTIAZIDA 25 MG CAJA X 30 TAB,30,7650,7650,255.0,https://www.olimpica.com/hidroclorotiazida-25-mg-caja-x-30-tab-7702057073503-1027992/p
2026-10-08,Olímpica,hidroclorotiazida,25 mg,HIDROCLOROTIAZIDA 25 MG CAJA X 30 TABLETAS,MKGENERICO,HIDROCLOROTIAZIDA 25 MG CAJA X 30 TABLETAS,30,8200,8200,273.33,https://www.olimpica.com/hidroclorotiazida-25-mg-caja-x-30-tabletas/p
2026-10-08,Locatel,ibuprofeno,200 mg,Advil Teens 200mg X 10 Capsulas Liquidas,ADVIL,ADVIL TEENS 200MG X 10 CAPSULAS LIQUIDAS,10,19500,19500,1950.0,https://www.locatelcolombia.com/7707397792480-advil-teens-200mg-x-10-capsulas-liquidas/p
2026-10-08,Olímpica,ibuprofeno,200 mg,Advil Teens 200MG Caja X10 Capsulas,ADVIL,ADVIL TEENS 200MG CAJA X10 CAPSULAS ADVIL TEENS 200MG CAJA X 10 CAPSULAS,10,19300,19300,1930.0,https://www.olimpica.com/advil-teens-200mg-cj-x-10cap/p
2026-10-08,Locatel,ibuprofeno,400 mg,Genfar Ibuprofeno 400Mg,GENFAR,GENFAR IBUPROFENO 400MG BLISTER X 10UND,10,2710,2710,271.0,https://www.locatelcolombia.com/7702605101498-genfar-ibuprofeno-400mg/p
2026-10-08,Locatel,ibuprofeno,400 mg,Advil Max X 5 Capsulas 400mg,ADVIL,ADVIL MAX X 5 CAPSULAS 400MG ADVIL MAX X5 CAPSULAS 400MG,5,12850,12850,2570.0,https://www.locatelcolombia.com/7707397791438-advil-max-x5-capsulas-400mg/p
2026-10-08,Locatel,ibuprofeno,400 mg,Advil Max 400mg Caja X 10 Capsulas Liquidas,ADVIL,ADVIL MAX 400MG CAJA X 10 CAPSULAS LIQUIDAS,10,22550,22550,2255.0,https://www.locatelcolombia.com/7702132008611-advil-max-400mg-caja-x-10-capsulas-liquidas-1/p
2026-10-08,Locatel,ibuprofeno,400 mg,Genfar Ibuprofeno 400Mg,GENFAR,GENFAR IBUPROFENO 400MG CAJA X 100TAB,100,27100,27100,271.0,https://www.locatelcolombia.com/7702605101498-genfar-ibuprofeno-400mg/p
2026-10-08,Locatel,ibuprofeno,400 mg,Ibuprofeno Mk 400Mg Caja X 100 Tabletas Recubiertas,MK,IBUPROFENO MK 400MG CAJA X 100 TABLETAS RECUBIERTAS,100,27500,27500,275.0,https://www.locatelcolombia.com/7702057442514-ibuprofeno-mk-400mg-caja-x-100-tabletas-recubiertas-/p
2026-10-08,Locatel,ibuprofeno,400 mg,Advil Max 400mg Caja X 16 Capsulas Liquidas,ADVIL,ADVIL MAX 400MG CAJA X 16 CAPSULAS LIQUIDAS,16,33900,33900,2118.75,https://www.locatelcolombia.com/7702132004330-advil-max-400mg-caja-x-16-capsulas-liquidas-1/p
2026-10-08,Locatel,ibuprofeno,400 mg,Oferta Advil Max 400mg Pague 16 Lleve 20,ADVIL,OFERTA ADVIL MAX 400MG PAGUE 16 LLEVE 20,,33900,33900,,https://www.locatelcolombia.com/7702132003487-oferta-advil-max-400mg-pague-16-lleve-20-1/p
2026-10-08,Olímpica,ibuprofeno,400 mg,ADVIL MAX 400 MG CJ X 5 CAP,ADVIL,ADVIL MAX 400 MG CJ X 5 CAP,5,12550,12550,2510.0,https://www.olimpica.com/advil-max-400-mg-cj-x-5-cap/p
2026-10-08,Olímpica,ibuprofeno,400 mg,Ibuprofeno 400 Mg Genfar X100 Tabletas,GENFAR,IBUPROFENO 400 MG GENFAR X100 TABLETAS IBUPROFENO 400 MG CAJA X 100 TABLETAS GENFAR,100,23950,23950,239.5,https://www.olimpica.com/ibuprofeno-400-mg-caja-x-100-tabletas-genfar-7702605101498-558446/p
2026-10-08,Olímpica,ibuprofeno,400 mg,Advil Max 400 MG Caja X 72 Capsula,ADVIL,ADVIL MAX 400 MG CAJA X 72 CAPSULA,72,161350,161350,2240.97,https://www.olimpica.com/advil-max-caja-x-72-capsulas-7702132009656-1472604/p
2026-10-08,Locatel,ibuprofeno,800 mg,Ibuprofeno 800Mg Ag,AMERICAN GENERICS,IBUPROFENO 800MG AG BLISTER X 10UND,10,4140,4140,414.0,https://www.locatelcolombia.com/7706569000385-ibuprofeno-800mg-ag/p
2026-10-08,Locatel,ibuprofeno,800 mg,Ibuprofeno 800Mg Ag,AMERICAN GENERICS,IBUPROFENO 800MG AG CAJA X 50 TABLETAS,50,20700,20700,414.0,https://www.locatelcolombia.com/7706569000385-ibuprofeno-800mg-ag/p
2026-10-08,Locatel,ibuprofeno,800 mg,Ibuprofeno Mk 800Mg Caja X 50 Tabletas Cubiertas,MK,IBUPROFENO MK 800MG CAJA X 50 TABLETAS CUBIERTAS,50,22350,22350,447.0,https://www.locatelcolombia.com/7702057162818-ibuprofeno-mk-800mg-caja-x-50-tabletas-cubiertas-/p
2026-10-08,Locatel,ibuprofeno,800 mg,Ibuprofeno Mk 800Mg Caja X 30 Capsulas Liquidas,MK,IBUPROFENO MK 800MG CAJA X 30 CAPSULAS LIQUIDAS,30,39300,39300,1310.0,https://www.locatelcolombia.com/7702057863098-ibuprofeno-mk-800mg-caja-x-30-capsulas-liquidas-1/p
2026-10-08,Olímpica,ibuprofeno,800 mg,IBUPROFENO 800 MG BLISTER X 5 TABLETAS,SIN MARCA,IBUPROFENO 800 MG BLISTER X 5 TABLETAS,5,6183,6183,1236.6,https://www.olimpica.com/ibuprofeno-800-mg-cj-x-30-cap-liq---blister/p
2026-10-08,Olímpica,ibuprofeno,800 mg,IBUPROFENO MK 800MG CAJAX30TABLETAS,MK,IBUPROFENO MK 800MG CAJAX30TABLETAS IBUPROFENO 800MG CJ X 30 TAB MK,30,12050,12050,401.67,https://www.olimpica.com/ibuprofeno-800mg-cj-x-30-tab-mk/p
2026-10-08,Olímpica,ibuprofeno,800 mg,Ibuprofeno 800 Mg MK X50 Tabletas,MKGENERICO,IBUPROFENO 800 MG MK X50 TABLETAS IBUPROFENO 800 MG CAJA X 50 TABLETAS MK,50,19200,19200,384.0,https://www.olimpica.com/ibuprofeno-800-mg-caja-x-50-tabletas-mk-7702057162818-903849/p
2026-10-08,Olímpica,ibuprofeno,800 mg,Ibuprofeno 800 Mg American Generics X50 Tabletas,AMERICAN GENERICS,IBUPROFENO 800 MG AMERICAN GENERICS X50 TABLETAS IBUPROFENO 800 MG CAJA X 50 TABLETAS AMERICAN GENERICS,50,19300,19300,386.0,https://www.olimpica.com/ibuprofeno-800-mg-caja-x-50-tabletas-american-generics-7706569000385-876024/p
2026-10-08,Olímpica,ibuprofeno,800 mg,Ibuprofeno 800 Mg Genfar X50 Tabletas,GENFAR,IBUPROFENO 800 MG GENFAR X50 TABLETAS IBUPROFENO 800 MG CAJA X 50 TABLETAS GENFAR,50,20800,20800,416.0,https://www.olimpica.com/ibuprofeno-800-mg-caja-x-50-tabletas-genfar-7702605101511-560887/p
2026-10-08,Olímpica,ibuprofeno,800 mg,Multidol Ibuprofeno X30 Cápsulas,MULTIDOL,MULTIDOL IBUPROFENO X30 CAPSULAS MULTIDOL 800 MG CAJA X 30 CAP,30,80650,80650,2688.33,https://www.olimpica.com/multidol-800-mg-caja-x-30-cap-7703889153661-1628411/p
2026-10-08,La Rebaja,levotiroxina,100 mcg,LEVOTIROXINA 100 MCG (COLMED),COLMED,CAJA X 30 TAB,30,18800,18800,626.67,https://www.larebajavirtual.com/levotiroxina-100-mg-colmed-119642/p
2026-10-08,La Rebaja,levotiroxina,100 mcg,LEVOTIROXINA SODICA MK 100 MCG,MK,CAJA X 30 TAB,30,30400,30400,1013.33,https://www.larebajavirtual.com/levotiroxina-sodica-mk-100-mcg-154255/p
2026-10-08,La Rebaja,levotiroxina,100 mcg,EUTIROX 100 MCG,EUTIROX,CAJA X 50 TAB,50,77000,77000,1540.0,https://www.larebajavirtual.com/eutirox-100-mg-12662/p
2026-10-08,Locatel,levotiroxina,100 mcg,Levotiroxina Sódica Colmed Tabletas 100mcg X 30,COLMED,LEVOTIROXINA SODICA COLMED TABLETAS 100MCG X 30,30,20900,20900,696.67,https://www.locatelcolombia.com/7703153021696-levotiroxina-sodica-colmed-tabletas-100mcg-x-30/p
2026-10-08,Locatel,levotiroxina,100 mcg,Levotiroxina Mk 100mcg Caja X 30 Tabletas,MK,LEVOTIROXINA MK 100MCG CAJA X 30 TABLETAS,30,24950,24950,831.67,https://www.locatelcolombia.com/7702057715908-levotiroxina-mk-100mcg-caja-x-30-tabletas/p
2026-10-08,Locatel,levotiroxina,100 mcg,Eutirox 100Mcg Caja X 50 Tabletas,MERCK,EUTIROX 100MCG CAJA X 50 TABLETAS,50,72750,72750,1455.0,https://www.locatelcolombia.com/7702418001558-eutirox-100mcg-caja-x-50-tabletas-1/p
2026-10-08,Olímpica,levotiroxina,100 mcg,Eutirox Merck 100 Mcg X50 Tabletas,EUTIROX,EUTIROX MERCK 100 MCG X50 TABLETAS EUTIROX 100 MCG CAJA X 50 TAB,50,64080,71200,1281.6,https://www.olimpica.com/eutirox-100-mcg-caja-x-50-tab-7501298224251-2145993/p
2026-10-08,La Rebaja,levotiroxina,112 mcg,EUTIROX 112 MCG,EUTIROX,CAJA X 50 TAB,50,87400,87400,1748.0,https://www.larebajavirtual.com/eutirox-112-mcg-85021/p
2026-10-08,Locatel,levotiroxina,112 mcg,Eutirox 112Mcg Caja X 50 Tabletas,MERCK,EUTIROX 112MCG CAJA X 50 TABLETAS,50,85050,85050,1701.0,https://www.locatelcolombia.com/7702418004597-eutirox-112mcg-caja-x-50-tabletas-1/p
2026-10-08,Olímpica,levotiroxina,112 mcg,Eutirox Merck 112 Mcg X50 Tabletas,EUTIROX,EUTIROX MERCK 112 MCG X50 TABLETAS EUTIROX 112 MCG CAJA X 50 TAB,50,82550,82550,1651.0,https://www.olimpica.com/eutirox-112-mcg-caja-x-50-tab-7501298224428-2153286/p
2026-10-08,La Rebaja,levotiroxina,125 mcg,LEVOTIROXINA MK 125 MCG,MK,CAJA X 30 TAB,30,41500,41500,1383.33,https://www.larebajavirtual.com/levotiroxina-mk-125-mcg-156533/p
2026-10-08,La Rebaja,levotiroxina,125 mcg,EUTIROX 125 MCG,EUTIROX,CAJA X 50 TAB,50,103700,103700,2074.0,https://www.larebajavirtual.com/eutirox-125-mcg-26244/p
2026-10-08,Locatel,levotiroxina,125 mcg,Eutirox 125Mcg Caja X 50 Tabletas,MERCK,EUTIROX 125MCG CAJA X 50 TABLETAS,50,100750,100750,2015.0,https://www.locatelcolombia.com/7702418001992-eutirox-125mcg-caja-x-50-tabletas-1/p
2026-10-08,Olímpica,levotiroxina,125 mcg,LEVOTIROXINA SODICA 125 MCG CAJA X 30 TABLETAS,MKGENERICO,LEVOTIROXINA SODICA 125 MCG CAJA X 30 TABLETAS,30,38100,38100,1270.0,https://www.olimpica.com/levotiroxina-sodica-125-mcg-caja-x-30-tabletas/p
2026-10-08,Olímpica,levotiroxina,125 mcg,Eutirox Merck 125 Mcg X50 Tabletas,EUTIROX,EUTIROX MERCK 125 MCG X50 TABLETAS EUTIROX 125 MCG CAJA X 50 TAB,50,100300,100300,2006.0,https://www.olimpica.com/eutirox-125-mcg-caja-x-50-tab-7501298224435-2145995/p
2026-10-08,La Rebaja,levotiroxina,137 mcg,EUTIROX 137 MCG,EUTIROX,CAJA X 50 TAB,50,104300,104300,2086.0,https://www.larebajavirtual.com/eutirox-137-mcg-91469/p
2026-10-08,Locatel,levotiroxina,137 mcg,Eutirox 137 Mcg Tabletas Caja X 50,MERCK,EUTIROX 137 MCG TABLETAS CAJA X 50,50,100950,100950,2019.0,https://www.locatelcolombia.com/7702418004603-eutirox-137-mcg-tabletas-caja-x-50/p
2026-10-08,Olímpica,levotiroxina,137 mcg,Eutirox Merck 137 Mcg X50 Tabletas,EUTIROX,EUTIROX MERCK 137 MCG X50 TABLETAS EUTIROX 137 MCG CAJA X 50 TAB,50,105300,105300,2106.0,https://www.olimpica.com/eutirox-137-mcg-caja-x-50-tab-7501298224268-2156975/p
2026-10-08,La Rebaja,levotiroxina,150 mcg,LEVOTIROXINA 150 MCG (MK),MK,CAJA X 30 TAB,30,46700,46700,1556.67,https://www.larebajavirtual.com/levotiroxina-150-mcg-mk-156874/p
2026-10-08,La Rebaja,levotiroxina,150 mcg,EUTIROX 150 MCG,EUTIROX,CAJA X 50 TAB,50,116200,116200,2324.0,https://www.larebajavirtual.com/eutirox-150-mcg-26245/p
2026-10-08,Locatel,levotiroxina,150 mcg,Levotiroxina Sodica Mk 150mcg X 30 Tabletas,MK,LEVOTIROXINA SODICA MK 150MCG X 30 TABLETAS,30,43000,43000,1433.33,https://www.locatelcolombia.com/7702057718312-levotiroxina-sodica-mk-150mcg-x-30-tabletas/p
2026-10-08,Locatel,levotiroxina,150 mcg,Eutirox 150Mcg Caja X 50 Tabletas,MERCK,EUTIROX 150MCG CAJA X 50 TABLETAS,50,114450,114450,2289.0,https://www.locatelcolombia.com/7702418002005-eutirox-150mcg-caja-x-50-tabletas-1/p
2026-10-08,Olímpica,levotiroxina,150 mcg,LEVOTIROXINA 150 MCG CAJA X 30 TABLETAS,SIN MARCA,LEVOTIROXINA 150 MCG CAJA X 30 TABLETAS,30,43200,43200,1440.0,https://www.olimpica.com/levotiroxina-150-mcg-caja-x-30-tabletas/p
2026-10-08,Olímpica,levotiroxina,150 mcg,Eutirox Merck 150 Mcg X50 Tabletas,EUTIROX,EUTIROX MERCK 150 MCG X50 TABLETAS EUTIROX 150 MCG CAJA X 50 TAB,50,114300,114300,2286.0,https://www.olimpica.com/eutirox-150-mcg-caja-x-50-tab-7501298224275-2137488/p
2026-10-08,La Rebaja,levotiroxina,175 mcg,EUTIROX 175 MCG,EUTIROX,CAJA X 50 TAB,50,125300,125300,2506.0,https://www.larebajavirtual.com/eutirox-175-mcg-10046/p
2026-10-08,Locatel,levotiroxina,175 mcg,Eutirox 175 Mcg Caja X 50 Tabletas,MERCK,EUTIROX 175 MCG CAJA X 50 TABLETAS,50,120350,120350,2407.0,https://www.locatelcolombia.com/7702418005211-eutirox-175-mcg-caja-x-50-tabletas/p
2026-10-08,Olímpica,levotiroxina,175 mcg,Eutirox 175 Mcg X50 Tabletas,EUTIROX,EUTIROX 175 MCG X50 TABLETAS EUTIROX 175 MCG CAJA X 50 TAB,50,121450,121450,2429.0,https://www.olimpica.com/eutirox-175-mcg-caja-x-50-tab-7501298224312-2144960/p
2026-10-08,Locatel,levotiroxina,200 mcg,Eutirox 200 Mcg Caja X 50 Tabletas,MERCK,EUTIROX 200 MCG CAJA X 50 TABLETAS,50,133550,133550,2671.0,https://www.locatelcolombia.com/7702418005228-eutirox-200-mcg-caja-x-50-tabletas/p
2026-10-08,Olímpica,levotiroxina,200 mcg,Eutirox 200 Mcg X50 Tabletas,EUTIROX,EUTIROX 200 MCG X50 TABLETAS EUTIROX 200 MCG CAJA X 50 TAB,50,130350,130350,2607.0,https://www.olimpica.com/eutirox-200-mcg-caja-x-50-tab-7501298224329-2144961/p
2026-10-08,La Rebaja,levotiroxina,25 mcg,LEVOTIROXINA (MK) 25 MCG,MK,CAJA X 30 TAB,30,23300,23300,776.67,https://www.larebajavirtual.com/levotiroxina-mk-25-mcg-155036/p
2026-10-08,La Rebaja,levotiroxina,25 mcg,EUTIROX 25 MCG,EUTIROX,CAJA X 50 TAB,50,54600,54600,1092.0,https://www.larebajavirtual.com/eutirox-25-mcg-58877/p
2026-10-08,Locatel,levotiroxina,25 mcg,Levotiroxina Mk 25mcg X 30 Tabletas,MK,LEVOTIROXINA MK 25MCG X 30 TABLETAS,30,20800,20800,693.33,https://www.locatelcolombia.com/7702057717346-levotiroxina-mk-25mcg-x-30-tabletas/p
2026-10-08,Locatel,levotiroxina,25 mcg,Levotiroxina Sódica Mk 25mcg X 30 Tabletas,MK,LEVOTIROXINA SODICA MK 25MCG X 30 TABLETAS,30,36700,36700,1223.33,https://www.locatelcolombia.com/7702057717353-levotiroxina-sodica-mk-25mcg-x-30-tabletas/p
2026-10-08,Olímpica,levotiroxina,25 mcg,LEVOTIROXINA 25 MCG CAJA X 30 TABLETA MK,MKGENERICO,LEVOTIROXINA 25 MCG CAJA X 30 TABLETA MK,30,23300,23300,776.67,https://www.olimpica.com/levotiroxina-25-mcg-cj-x-30-tab-mk/p
2026-10-08,Olímpica,levotiroxina,25 mcg,Eutirox Merck 25 Mcg X50 Tabletas,EUTIROX,EUTIROX MERCK 25 MCG X50 TABLETAS EUTIROX 25 MCG CAJA X 50 TAB,50,45945,51050,918.9,https://www.olimpica.com/eutirox-25-mcg-caja-x-50-tab-7501298224343-2144994/p
2026-10-08,Locatel,levotiroxina,25 mg,Eutirox 25Mg Caja X 50 Tabletas,MERCK,EUTIROX 25MG CAJA X 50 TABLETAS,50,50900,50900,1018.0,https://www.locatelcolombia.com/7501298212265-eutirox-25mg-caja-x-50-tabletas-1/p
2026-10-08,La Rebaja,levotiroxina,50 mcg,LEVOTIROXINA SODICA (MK) 50 MCG,MK,CAJA X 30 TAB,30,21800,21800,726.67,https://www.larebajavirtual.com/levotiroxina-sodica-mk-50-mcg-155041/p
2026-10-08,La Rebaja,levotiroxina,50 mcg,EUTIROX 50 MCG,EUTIROX,CAJA X 50 TAB,50,55800,55800,1116.0,https://www.larebajavirtual.com/eutirox-50-mcg-12661/p
2026-10-08,Locatel,levotiroxina,50 mcg,Levotiroxina Sodica Colmed 50Mcg X 30 Tabletas,COLMED,LEVOTIROXINA SODICA COLMED 50MCG X 30 TABLETAS,30,14100,14100,470.0,https://www.locatelcolombia.com/7703153021672-levotiroxina-sodica-colmed-50mcg-x-30-tabletas/p
2026-10-08,Locatel,levotiroxina,50 mcg,Levotiroxina Sodica Mk 50mcg X 30 Tabletas,MK,LEVOTIROXINA SODICA MK 50MCG X 30 TABLETAS,30,18950,18950,631.67,https://www.locatelcolombia.com/7702057715915-levotiroxina-sodica-mk-50mcg-x-30-tabletas/p
2026-10-08,Locatel,levotiroxina,50 mcg,Eutirox 50Mcg Caja X 50 Tabletas,MERCK,EUTIROX 50MCG CAJA X 50 TABLETAS,50,52900,52900,1058.0,https://www.locatelcolombia.com/7702418001541-eutirox-50mcg-caja-x-50-tabletas-1/p
2026-10-08,Olímpica,levotiroxina,50 mcg,LEVOTIROXINA 50 MCG CJ X 30 TAB CMD,SIN MARCA,LEVOTIROXINA 50 MCG CJ X 30 TAB CMD,30,15550,15550,518.33,https://www.olimpica.com/levotiroxina-50-mcg-cj-x-30-tab-cmd/p
2026-10-08,Olímpica,levotiroxina,50 mcg,LEVOTIROXINA 50 MCG CAJA X 30 TABLETA MK,MKGENERICO,LEVOTIROXINA 50 MCG CAJA X 30 TABLETA MK,30,17750,17750,591.67,https://www.olimpica.com/levotiroxina-50-mcg-cj-x-30-tab-mk/p
2026-10-08,Olímpica,levotiroxina,50 mcg,Eutirox Merck 50 Mcg X50 Tabletas,EUTIROX,EUTIROX MERCK 50 MCG X50 TABLETAS EUTIROX 50 MCG CAJA X 50 TAB,50,46890,52100,937.8,https://www.olimpica.com/eutirox-50-mcg-caja-x-50-tab-7501298224374-2144993/p
2026-10-08,La Rebaja,levotiroxina,75 mcg,LEVOTIROXINA 75 MCG (MK),MK,CAJA X 30 TAB,30,27000,27000,900.0,https://www.larebajavirtual.com/levotiroxina-75-mcg-mk-153488/p
2026-10-08,La Rebaja,levotiroxina,75 mcg,EUTIROX 75 MCG,EUTIROX,CAJA X 50 TAB,50,67600,67600,1352.0,https://www.larebajavirtual.com/eutirox-75-mcg-26243/p
2026-10-08,Locatel,levotiroxina,75 mcg,Levotiroxina Mk 75Mcg Caja X 30 Tabletas,MK,LEVOTIROXINA MK 75MCG CAJA X 30 TABLETAS,30,24850,24850,828.33,https://www.locatelcolombia.com/7702057712938-levotiroxina-mk-75mcg-caja-x-30-tabletas/p
2026-10-08,Locatel,levotiroxina,75 mcg,Eutirox 75Mcg Caja X 50 Tabletas,MERCK,EUTIROX 75MCG CAJA X 50 TABLETAS,50,62950,62950,1259.0,https://www.locatelcolombia.com/7702418001985-eutirox-75mcg-caja-x-50-tabletas-1/p
2026-10-08,Olímpica,levotiroxina,75 mcg,Levotiroxina Mk 75 Mcg X30 Tabletas,SIN MARCA,LEVOTIROXINA MK 75 MCG X30 TABLETAS LEVOTIROXINA-75-MCG-CJ-X-30-TAB-MK,30,24450,24450,815.0,https://www.olimpica.com/levotiroxina-75-mcg-cj-x-30-tab-mk/p
2026-10-08,Olímpica,levotiroxina,75 mcg,Eutirox Merck 75 Mcg X50 Tabletas,EUTIROX,EUTIROX MERCK 75 MCG X50 TABLETAS EUTIROX 75 MCG CAJA X 50 TAB,50,56160,62400,1123.2,https://www.olimpica.com/eutirox-75-mcg-caja-x-50-tab-7501298224244-2137489/p
2026-10-08,La Rebaja,levotiroxina,88 mcg,EUTIROX 88 MCG,EUTIROX,CAJA X 50 TAB,50,70300,70300,1406.0,https://www.larebajavirtual.com/eutirox-88-mcg-85020/p
2026-10-08,Locatel,levotiroxina,88 mcg,Eutirox 88 Mcg Caja X 50 Tabletas,MERCK,EUTIROX 88 MCG CAJA X 50 TABLETAS,50,69850,69850,1397.0,https://www.locatelcolombia.com/7702418004580-eutirox-88-mcg-caja-x-50-tabletas-1/p
2026-10-08,Olímpica,levotiroxina,88 mcg,Eutirox Merck 88 Mcg X50 Tabletas,EUTIROX,EUTIROX MERCK 88 MCG X50 TABLETAS EUTIROX 88 MCG CAJA X 50 TAB,50,69400,69400,1388.0,https://www.olimpica.com/eutirox-88-mcg-caja-x-50-tab-7501298224237-2155534/p
2026-10-08,La Rebaja,loperamida,2 mg,LOPERAMIDA 2 MG (ECAR),ECAR,CAJA X 6 TAB,6,8000,8000,1333.33,https://www.larebajavirtual.com/loperamida-2-mg-ecar-37061/p
2026-10-08,La Rebaja,loperamida,2 mg,LOPERAMIDA 2 MG (GENFAR),GENFAR,CAJA X 6 COMPRIMIDO,6,9300,9300,1550.0,https://www.larebajavirtual.com/loperamida-2-mg-genfar-120782/p
2026-10-08,La Rebaja,loperamida,2 mg,LOPERAMIDA 2 MG (MK),MK,CAJA X 6 TAB,6,12900,12900,2150.0,https://www.larebajavirtual.com/loperamida-2-mg-mk-30625/p
2026-10-08,Locatel,loperamida,2 mg,Loperamida 2Mg Caja X 6 Tabletas,ECAR,LOPERAMIDA 2MG CAJA X 6 TABLETAS,6,6300,6300,1050.0,https://www.locatelcolombia.com/7702184010150-loperamida-2mg-caja-x-6-tabletas/p
2026-10-08,Locatel,loperamida,2 mg,Genfar Loperamida 2Mg X 6 Comprimidos,GENFAR,GENFAR LOPERAMIDA 2MG X 6 COMPRIMIDOS,6,8250,8250,1375.0,https://www.locatelcolombia.com/7705959885496-genfar-loperamida-2mg-x-6-comprimidos/p
2026-10-08,Locatel,loperamida,2 mg,Loperamida Mk 2Mg Caja X 6 Tabletas,MK,LOPERAMIDA MK 2MG CAJA X 6 TABLETAS,6,11900,11900,1983.33,https://www.locatelcolombia.com/7702057073985-loperamida-mk-2mg-caja-x-6-tabletas--1/p
2026-10-08,Olímpica,loperamida,2 mg,Loperamida Hci 2 Mg MK X6 Tabletas,MKGENERICO,LOPERAMIDA HCI 2 MG MK X6 TABLETAS LOPERAMIDA 2 MG CAJA X 6 TABLETAS MK,6,11950,11950,1991.67,https://www.olimpica.com/loperamida-2-mg-caja-x-6-tabletas-mk-7702057073985-74190/p
2026-10-08,Locatel,loratadina,10 mg,Loratadina 10Mg Caja X 10 Tabletas La Sante,LA SANTE,LORATADINA 10MG CAJA X 10 TABLETAS LA SANTE,10,4450,4450,445.0,https://www.locatelcolombia.com/7703763320127-loratadina-10mg-caja-x-10-tabletas-la-sante/p
2026-10-08,Locatel,loratadina,10 mg,Genfar Loratadina 10Mg Caja X 10 Tabletas,GENFAR,GENFAR LORATADINA 10MG CAJA X 10 TABLETAS,10,4650,4650,465.0,https://www.locatelcolombia.com/7702605101634-genfar-loratadina-10mg-caja-x-10-tabletas/p
2026-10-08,Locatel,loratadina,10 mg,Loratadina Mk 10Mg Caja X 10 Tabletas,MK,LORATADINA MK 10MG CAJA X 10 TABLETAS,10,5400,5400,540.0,https://www.locatelcolombia.com/7702057074005-loratadina-mk-10mg-caja-x-10-tabletas-1/p
2026-10-08,Locatel,loratadina,10 mg,Loratadina 10Mg Ag X 20 Tabletas,AMERICAN GENERICS,LORATADINA 10MG AG X 20 TABLETAS,20,8900,8900,445.0,https://www.locatelcolombia.com/7706569000415-loratadina-10mg-ag-x-20-tabletas/p
2026-10-08,Locatel,loratadina,10 mg,Clarityne 10mg X 10 Tabletas,CLARITYNE,CLARITYNE 10MG X 10 TABLETAS,10,21950,21950,2195.0,https://www.locatelcolombia.com/7861100402421-clarityne-10mg-x-10-tabletas/p
2026-10-08,Olímpica,loratadina,10 mg,Loratadina 10 Mg La Santé X10 Tabletas,LA SANTE GENERICOS,LORATADINA 10 MG LA SANTE X10 TABLETAS LORATADINA 10 MG CAJA X 10 TABLETAS LA SANTE,10,4000,4000,400.0,https://www.olimpica.com/loratadina-10-mg-caja-x-10-tabletas-la-sante-7703763320127-483857/p
2026-10-08,Olímpica,loratadina,10 mg,Loratadina 10 Mg MK X10 Tabletas,MKGENERICO,LORATADINA 10 MG MK X10 TABLETAS LORATADINA 10 MG CAJA X 10 TABLETAS MK,10,5150,5150,515.0,https://www.olimpica.com/loratadina-10-mg-caja-x-10-tabletas-mk-7702057074005-598024/p
2026-10-08,Olímpica,loratadina,10 mg,Loratadina 10 Mg Best X10 Tabletas,BEST,LORATADINA 10 MG BEST X10 TABLETAS LORATADINA 10 MG CAJA X 10 TABLETASBEST,10,5750,5750,575.0,https://www.olimpica.com/loratadina-10-mg-caja-x-10-tabletasbest-7707193641166-1509118/p
2026-10-08,Olímpica,loratadina,10 mg,Loratadina 10 Mg American Generics X20 Tabletas,AMERICAN GENERICS,LORATADINA 10 MG AMERICAN GENERICS X20 TABLETAS LORATADINA 10 MG CAJA X 20 TABLETAS AMERICAN GENERICS,20,8100,8100,405.0,https://www.olimpica.com/loratadina-10-mg-caja-x-20-tabletas-american-generics-7706569000415-865933/p
2026-10-08,Olímpica,loratadina,10 mg,Clarityne 10 MG Caja X10 Tabletas,CLARITYNE,CLARITYNE 10 MG CAJA X10 TABLETAS CLARITYNE 10 MG CAJA X 10 TABLETAS,10,21400,21400,2140.0,https://www.olimpica.com/clarityne-10-mg-cj-x-10-tabletas/p
2026-10-08,Locatel,losartan,100 mg,Losartan 100Mg X 30 Tabletas,GENFAR,LOSARTAN 100MG X 30 TABLETAS,30,52750,52750,1758.33,https://www.locatelcolombia.com/7705959000141-losartan-100mg-x-30-tabletas/p
2026-10-08,Locatel,losartan,100 mg,Losartan Potasico 100Mg X 30 Tabletas,LA SANTE,LOSARTAN POTASICO 100MG X 30 TABLETAS,30,60800,60800,2026.67,https://www.locatelcolombia.com/7703763997619-losartan-potasico-100mg-x-30-tabletas/p
2026-10-08,Locatel,losartan,100 mg,Losartan Mk 100Mg Caja X 30 Tabletas,MK,LOSARTAN MK 100MG CAJA X 30 TABLETAS,30,72850,72850,2428.33,https://www.locatelcolombia.com/7702057710248-losartan-mk-100mg-caja-x-30-tabletas/p
2026-10-08,Olímpica,losartan,100 mg,LOSARTAN 100 MG ECAR CAJA X 30 TABLETAS,LOSARTAN,LOSARTAN 100 MG ECAR CAJA X 30 TABLETAS,30,17000,17000,566.67,https://www.olimpica.com/losartan-100-mg-caja-x-30-tableta-ecar/p
2026-10-08,Olímpica,losartan,100 mg,Losartán Potásico La Sante 100 Mg Caja X 30 Tabletas,LA SANTE GENERICOS,LOSARTAN POTASICO LA SANTE 100 MG CAJA X 30 TABLETAS LOSARTAN POTASICO 100 MG CAJA X 30 TABLETAS LA SANTE,30,56750,56750,1891.67,https://www.olimpica.com/losartan-potasico-100-mg-caja-x-30-tabletas-la-sante-7703763997619-1177972/p
2026-10-08,Olímpica,losartan,100 mg,Losartan Genfar 100 Mg Caja X 30 Capsula,GENFAR,LOSARTAN GENFAR 100 MG CAJA X 30 CAPSULA LOSARTAN 100 MG CAJA X 30 COMP GENFAR,30,59100,59100,1970.0,https://www.olimpica.com/losartan-100-mg-caja-x-30-comp-genfar-7705959000141-1535268/p
2026-10-08,Olímpica,losartan,100 mg,Losartán Mk 100 Mg Caja X 30 Tabletas,MKGENERICO,LOSARTAN MK 100 MG CAJA X 30 TABLETAS LOSARTAN 100 MG CAJA X 30 TABLETAS MK,30,64300,64300,2143.33,https://www.olimpica.com/losartan-100-mg-caja-x-30-tabletas-mk-7702057710248-2166908/p
2026-10-08,Olímpica,losartan,100 mg,LOSARTAN 100MG CAJA X 30 TABLETAS,MKGENERICO,LOSARTAN 100MG CAJA X 30 TABLETAS,30,69300,69300,2310.0,https://www.olimpica.com/losartan-100mg-caja-x-30-tabletas/p
2026-10-08,Olímpica,losartan,100 mg,Cozaar 100 Mg Caja X 30 Tabletas,COZAAR,COZAAR 100 MG CAJA X 30 TABLETAS COZAAR 100 MG CAJA X 30 TAB,30,428600,428600,14286.67,https://www.olimpica.com/cozaar-100-mg-caja-x-30-tab-7897337714372-1414583/p
2026-10-08,Locatel,losartan,50 mg,Losartan 50Mg X 15 Tabletas A.G.,AMERICAN GENERICS,LOSARTAN 50MG X 15 TABLETAS A.G.,15,13950,13950,930.0,https://www.locatelcolombia.com/7706569001665-losartan-50mg-x-15-tabletas-a-g-/p
2026-10-08,Locatel,losartan,50 mg,Genfar Losartan 50Mg X 30 Tabletas Recubiertas,GENFAR,GENFAR LOSARTAN 50MG X 30 TABLETAS RECUBIERTAS,30,23000,23000,766.67,https://www.locatelcolombia.com/7702605103232-genfar-losartan-50mg-x-30-tabletas-recubiertas-1/p
2026-10-08,Locatel,losartan,50 mg,Losartan Potasico 50Mg X 30 Tabletas,LA SANTE,LOSARTAN POTASICO 50MG X 30 TABLETAS,30,25950,25950,865.0,https://www.locatelcolombia.com/7703763190027-losartan-potasico-50mg-x-30-tabletas/p
2026-10-08,Locatel,losartan,50 mg,Losartan Mk 50Mg Caja X 30 Tabletas Cubiertas,MK,LOSARTAN MK 50MG CAJA X 30 TABLETAS CUBIERTAS,30,26950,26950,898.33,https://www.locatelcolombia.com/7702057710163-losartan-mk-50mg-caja-x-30-tabletas-cubiertas-1/p
2026-10-08,Locatel,losartan,50 mg,Losartan 50Mg Ag X 30 Tabletas,AMERICAN GENERICS,LOSARTAN 50MG AG X 30 TABLETAS,30,26950,26950,898.33,https://www.locatelcolombia.com/7706569021618-losartan-50mg-ag-x-30-tabletas/p
2026-10-08,Locatel,losartan,50 mg,Cozaar 50Mg X 30 Comprimidos,MSD,COZAAR 50MG X 30 COMPRIMIDOS,30,420800,420800,14026.67,https://www.locatelcolombia.com/7501326052337-cozaar-50mg-x-30-comprimidos-1/p
2026-10-08,Olímpica,losartan,50 mg,Losartan 50 Mg American Generics X15 Tabletas,AMERICAN GENERICS,LOSARTAN 50 MG AMERICAN GENERICS X15 TABLETAS LOSARTAN 50 MG CAJA X 15 TABLETAS AMERICAN GENERICS,15,13250,13250,883.33,https://www.olimpica.com/losartan-50-mg-caja-x-15-tabletas-american-generics-7706569001665-868213/p
2026-10-08,Olímpica,losartan,50 mg,LOSARTAN 50MG  X 30 TAB,ECAR,LOSARTAN 50MG X 30 TAB,30,14500,14500,483.33,https://www.olimpica.com/losartan-50mg--x-30-tab/p
2026-10-08,Olímpica,losartan,50 mg,Losartan 50 Mg Best X30 Tabletas,BEST,LOSARTAN 50 MG BEST X30 TABLETAS LOSARTAN 50 MG CAJA X 30 TABLETASBEST,30,19750,19750,658.33,https://www.olimpica.com/losartan-50-mg-caja-x-30-tabletasbest-7707193642712-729482/p
2026-10-08,Olímpica,losartan,50 mg,Losartán Potásico La Sante 50 Mg Caja X 30 Tabletas,LA SANTE GENERICOS,LOSARTAN POTASICO LA SANTE 50 MG CAJA X 30 TABLETAS LOSARTAN POTASICO 50 MG CAJA X 30 TABLETAS LA SANTE,30,22100,22100,736.67,https://www.olimpica.com/losartan-potasico-50-mg-caja-x-30-tabletas-la-sante-7703763190027-1341381/p
2026-10-08,Olímpica,losartan,50 mg,Losartán Mk 50 Mg Caja X 30 Tabletas,MKGENERICO,LOSARTAN MK 50 MG CAJA X 30 TABLETAS LOSARTAN 50 MG CAJA X 30 TABLETAS MK,30,24000,24000,800.0,https://www.olimpica.com/losartan-50-mg-caja-x-30-tabletas-mk-7702057710163-2050708/p
2026-10-08,Olímpica,losartan,50 mg,Losartan American Generics 50 Mg Caja X 30 Tabletas,AMERICAN GENERICS,LOSARTAN AMERICAN GENERICS 50 MG CAJA X 30 TABLETAS LOSARTAN 50 MG CAJA X 30 TABLETAS AMERICAN GENERICS,30,24650,24650,821.67,https://www.olimpica.com/losartan-50-mg-caja-x-30-tabletas-american-generics-7706569021618-1564192/p
2026-10-08,Olímpica,losartan,50 mg,LOSARTAN 50 MG CAJA X 30 TABLETAS,MKGENERICO,LOSARTAN 50 MG CAJA X 30 TABLETAS,30,25850,25850,861.67,https://www.olimpica.com/losartan-50-mg-caja-x-30-tabletas/p
2026-10-08,Olímpica,losartan,50 mg,Cozaar MSD 50 Mg Caja X 30 Tabletas,MSD,COZAAR MSD 50 MG CAJA X 30 TABLETAS COZAAR 50 MG CAJA X 30 TAB,30,366400,366400,12213.33,https://www.olimpica.com/cozaar-50-mg-caja-x-30-tab-7897337715201-1331999/p
2026-10-08,Locatel,metformina,1000 mg,Metformina MK 1000mg X 30 Tabletas,MK,METFORMINA MK 1000MG X 30 TABLETAS,30,55000,55000,1833.33,https://www.locatelcolombia.com/7702057717964-metformina-mk-1000mg-x-30-tabletas/p
2026-10-08,Locatel,metformina,1000 mg,Glucophage 1000Mg Caja X  30 Tabletas,MERCK,GLUCOPHAGE 1000MG CAJA X 30 TABLETAS,30,92650,92650,3088.33,https://www.locatelcolombia.com/7702418000575-glucophage-1000mg-caja-x--30-tabletas/p
2026-10-08,Locatel,metformina,1000 mg,Glucophage Xr 1000Mg Caja X 30 Tabletas,MERCK,GLUCOPHAGE XR 1000MG CAJA X 30 TABLETAS,30,130600,130600,4353.33,https://www.locatelcolombia.com/3596540150062-glucophage-xr-1000mg-caja-x-30-tabletas-1/p
2026-10-08,Olímpica,metformina,1000 mg,Glucophage Merck Serono 1000 MG X30 Tabletas,GLUCOPHAGE,GLUCOPHAGE MERCK SERONO 1000 MG X30 TABLETAS GLUCOPHAGE 1000 MG CAJA X 30 TAB,30,91850,91850,3061.67,https://www.olimpica.com/glucophage-1000-mg-caja-x-30-tab-7702418000575-852650/p
2026-10-08,Olímpica,metformina,1000 mg,Glucophage Xr Merck Serono 1000 Mg X30 Tabletas,GLUCOPHAGE,GLUCOPHAGE XR MERCK SERONO 1000 MG X30 TABLETAS GLUCOPHAGE XR 1000 MG CAJA X 30 TAB,30,127800,127800,4260.0,https://www.olimpica.com/glucophage-xr-1000-mg-caja-x-30-tab-3596540150062-737972/p
2026-10-08,Locatel,metformina,500 mg,Metformina MK 500mg X 30 Tabletas,MK,METFORMINA MK 500MG X 30 TABLETAS,30,37300,37300,1243.33,https://www.locatelcolombia.com/7702057717995-metformina-mk-500mg-x-30-tabletas/p
2026-10-08,Locatel,metformina,500 mg,Metformina 500Mg Caja X 30 Tabletas Recubiertas,GENFAR,METFORMINA 500MG CAJA X 30 TABLETAS RECUBIERTAS,30,54700,54700,1823.33,https://www.locatelcolombia.com/7702605109128-metformina-500mg-caja-x-30-tabletas-recubiertas/p
2026-10-08,Locatel,metformina,500 mg,Glucophage 500Mg Caja X 30 Tabletas,MERCK,GLUCOPHAGE 500MG CAJA X 30 TABLETAS,30,72450,72450,2415.0,https://www.locatelcolombia.com/7702418001381-glucophage-500mg-caja-x-30-tabletas/p
2026-10-08,Locatel,metformina,500 mg,Glucophage Xr 500Mg X 30 Tabletas,MERCK,GLUCOPHAGE XR 500MG X 30 TABLETAS,30,73450,73450,2448.33,https://www.locatelcolombia.com/7702418003118-glucophage-xr-500mg-x-30-tabletas-1/p
2026-10-08,Olímpica,metformina,500 mg,Metformina Genfar 500 Mg Caja X 30 Tabletas,GENFAR,METFORMINA GENFAR 500 MG CAJA X 30 TABLETAS METFORMINA 500 MG CAJA X 30 TABLETAS GENFAR,30,58250,58250,1941.67,https://www.olimpica.com/metformina-500-mg-caja-x-30-tabletas-genfar-7702605109128-1211651/p
2026-10-08,Olímpica,metformina,500 mg,Glucophage Merck Serono 500 Mg X30 Tabletas,GLUCOPHAGE,GLUCOPHAGE MERCK SERONO 500 MG X30 TABLETAS GLUCOPHAGE 500 MG CAJA X 30 TAB,30,71200,71200,2373.33,https://www.olimpica.com/glucophage-500-mg-caja-x-30-tab-7702418001381-135700/p
2026-10-08,Olímpica,metformina,500 mg,Glucophage Xr Merck Serono 500 Mg X30 Tabletas,GLUCOPHAGE,GLUCOPHAGE XR MERCK SERONO 500 MG X30 TABLETAS GLUCOPHAGE XR 500 MG CAJA X 30 TAB,30,75200,75200,2506.67,https://www.olimpica.com/glucophage-xr-500-mg-caja-x-30-tab-7702418003118-1074673/p
2026-10-08,Locatel,metformina,750 mg,Glucophage Xr 750 Mg Caja X 30 Tabletas,MERCK,GLUCOPHAGE XR 750 MG CAJA X 30 TABLETAS,30,124000,124000,4133.33,https://www.locatelcolombia.com/7702418004191-glucophage-xr-750-mg-caja-x-30-tabletas-1/p
2026-10-08,Olímpica,metformina,750 mg,GLUCOPHAGE XR 750 MG CJ X 30 TAB,GLUCOPHAGE,GLUCOPHAGE XR 750 MG CJ X 30 TAB,30,125250,125250,4175.0,https://www.olimpica.com/glucophage-xr-750-mg-caja-x-30-tab-7702418004191-1590454/p
2026-10-08,Locatel,metformina,850 mg,Metformina 850Mg Caja X 30 Tabletas,DIABETRICS,METFORMINA 850MG CAJA X 30 TABLETAS,30,26650,26650,888.33,https://www.locatelcolombia.com/7703153018368-metformina-850mg-caja-x-30-tabletas-1/p
2026-10-08,Locatel,metformina,850 mg,Metformina 850Mg Caja 30 Comprimidos Recubiertos,WINTHROP,METFORMINA 850MG CAJA 30 COMPRIMIDOS RECUBIERTOS,,34600,34600,,https://www.locatelcolombia.com/7705959009663-metformina-850mg-caja-30-comprimidos-recubiertos-1/p
2026-10-08,Locatel,metformina,850 mg,Metformina  850Mg Caja X  30 Tabletas,MK,METFORMINA 850MG CAJA X 30 TABLETAS,30,42750,42750,1425.0,https://www.locatelcolombia.com/7702057074272-%09-metformina--850mg-caja-x--30-tabletas-1/p
2026-10-08,Locatel,metformina,850 mg,Glucophage 850Mg Caja  30 Tabletas,MERCK,GLUCOPHAGE 850MG CAJA 30 TABLETAS,,87550,87550,,https://www.locatelcolombia.com/7702418001084-glucophage-850mg-caja--30-tabletas/p
2026-10-08,Olímpica,metformina,850 mg,Metformina Clorhidrato Diabetrics 850 Mg X30 Tabletas,DIABETICS,METFORMINA CLORHIDRATO DIABETRICS 850 MG X30 TABLETAS METFORMINA 850 MG CAJA X 30 TABLETAS DIABETRICS,30,28950,28950,965.0,https://www.olimpica.com/metformina-850-mg-caja-x-30-tabletas-diabetrics-7703153018368-1336155/p
2026-10-08,Olímpica,metformina,850 mg,Metformina Clorhidrato Genfar 850 Mg X30 Tabletas,WINTROPH,METFORMINA CLORHIDRATO GENFAR 850 MG X30 TABLETAS METFORMINA 850 MG CAJA X 30 TABLETAS GENFAR,30,36300,36300,1210.0,https://www.olimpica.com/metformina-850-mg-caja-x-30-tabletas-genfar-7705959880491-721385/p
2026-10-08,Olímpica,metformina,850 mg,Metformina MK 850 Mg X30 Tabletas,MKGENERICO,METFORMINA MK 850 MG X30 TABLETAS METFORMINA 850 MG CAJA X 30 TABLETAS MK,30,43450,43450,1448.33,https://www.olimpica.com/metformina-850-mg-caja-x-30-tabletas-mk-7702057074272-1059635/p
2026-10-08,Olímpica,metformina,850 mg,Glucophage Merck Senoro 850 Mg X30 Tabletas,GLUCOPHAGE,GLUCOPHAGE MERCK SENORO 850 MG X30 TABLETAS GLUCOPHAGE 850 MG CAJA X 30 TAB,30,84200,84200,2806.67,https://www.olimpica.com/glucophage-850-mg-caja-x-30-tab-7702418001084-85644/p
2026-10-08,La Rebaja,montelukast,10 mg,MONTELUKAST 10 MG (LA SANTE),LA SANTE,CAJA X 10 TAB,10,29300,29300,2930.0,https://www.larebajavirtual.com/montelukast-10-mg-la-sante-53138/p
2026-10-08,La Rebaja,montelukast,10 mg,MONTELUKAST 10 MG (MK),MK,CAJA X 30 TAB,30,94300,94300,3143.33,https://www.larebajavirtual.com/montelukast-10-mg-mk-120822/p
2026-10-08,Locatel,montelukast,10 mg,Montelukast Colmed 10mg X 30 Cápsulas,COLMED,MONTELUKAST COLMED 10MG X 30 CAPSULAS,30,72750,72750,2425.0,https://www.locatelcolombia.com/7703153044121-montelukast-colmed-10mg-x-30-capsulas/p
2026-10-08,Locatel,montelukast,10 mg,Genfar Montelukast 10Mg Caja X 30 Comprimidos Recubiertos,GENFAR,GENFAR MONTELUKAST 10MG CAJA X 30 COMPRIMIDOS RECUBIERTOS,30,79150,79150,2638.33,https://www.locatelcolombia.com/7702605104468-genfar-montelukast-10mg-caja-x-30-comprimidos-recubiertos/p
2026-10-08,Locatel,montelukast,10 mg,Montelukast 10Mg Mk Caja X 30 Tabletas Recubiertas,MK,MONTELUKAST 10MG MK CAJA X 30 TABLETAS RECUBIERTAS,30,86850,86850,2895.0,https://www.locatelcolombia.com/7702057709266-montelukast-10mg-mk-caja-x-30-tabletas-recubiertas/p
2026-10-08,Olímpica,montelukast,10 mg,Montelukast 10 Mg La Santé X10 Tabletas,LA SANTE GENERICOS,MONTELUKAST 10 MG LA SANTE X10 TABLETAS MONTELUKAST 10 MG CAJA X 10 TABLETAS LA SANTE,10,24750,24750,2475.0,https://www.olimpica.com/montelukast-10-mg-caja-x-10-tabletas-la-sante-7703763220229-1086669/p
2026-10-08,Olímpica,montelukast,10 mg,Montelukast 10 Mg American Generics X10 Tabletas Masticables,AMERICAN GENERICS,MONTELUKAST 10 MG AMERICAN GENERICS X10 TABLETAS MASTICABLES MONTELUKAST 10MG CAJA X 10 TABLETAS MASTICABLES AMERICAN GENERICS,10,26550,26550,2655.0,https://www.olimpica.com/montelukast-10mg-caja-x-10-tabletas-masticables-american-generics-7706569022455-708886/p
2026-10-08,Olímpica,montelukast,10 mg,Montelukast 10 Mg Genfar X30 Tabletas,GENFAR,MONTELUKAST 10 MG GENFAR X30 TABLETAS MONTELUKAST 10 MG CAJA X 30 TABLETAS GENFAR,30,76500,76500,2550.0,https://www.olimpica.com/montelukast-10-mg-caja-x-30-tabletas-genfar-7702605104468-1126073/p
2026-10-08,Olímpica,montelukast,10 mg,Montelukast 10 Mg MK X30 Tabletas,MKGENERICO,MONTELUKAST 10 MG MK X30 TABLETAS MONTELUKAST 10 MG CAJA X 30 TABLETAS MK,30,87000,87000,2900.0,https://www.olimpica.com/montelukast-10-mg-caja-x-30-tabletas-mk-7702057709266-1475523/p
2026-10-08,Olímpica,montelukast,10 mg,Singulair 10 Mg Msd X30 Tabletas,MSD,SINGULAIR 10 MG MSD X30 TABLETAS SINGULAIR 10 MG CAJA X 30 TABLETAS,30,258400,258400,8613.33,https://www.olimpica.com/singulair-10-mg-caja-x-30-tabletas-7897337715164-1331997/p
2026-10-08,La Rebaja,montelukast,4 mg,MONTELUKAST 4 MG (LA SANTE),LA SANTE,CAJA X 10 TAB,10,12600,12600,1260.0,https://www.larebajavirtual.com/montelukast-4-mg-la-sante-53136/p
2026-10-08,Locatel,montelukast,4 mg,Montelukast MK 4Mg Caja X 30 Tabletas Masticables,MK,MONTELUKAST MK 4MG CAJA X 30 TABLETAS MASTICABLES,30,43350,43350,1445.0,https://www.locatelcolombia.com/7702057709273-montelukast-mk-4mg-caja-x-30-tabletas-masticables/p
2026-10-08,Olímpica,montelukast,4 mg,Montelukast 4 Mg La Santé X10 Tabletas Masticables,LA SANTE GENERICOS,MONTELUKAST 4 MG LA SANTE X10 TABLETAS MASTICABLES MONTELUKAST 4 MG CAJA X 10 TABLETAS MASTICABLE LA SANTE,10,11150,11150,1115.0,https://www.olimpica.com/montelukast-4-mg-caja-x-10-tabletas-masticable-la-sante-7703763220205-1086662/p
2026-10-08,Olímpica,montelukast,4 mg,Montelukast Mk 4 Mg Caja X 30 Tabletas,MKGENERICO,MONTELUKAST MK 4 MG CAJA X 30 TABLETAS MONTELUKAST 4 MG CAJA X 30 TABLETAS MK,30,43500,43500,1450.0,https://www.olimpica.com/montelukast-4-mg-caja-x-30-tabletas-mk-7702057709273-1475545/p
2026-10-08,La Rebaja,montelukast,5 mg,MONTELUKAST 5 MG (LA SANTE),LA SANTE,CAJA X 10 TAB,10,15300,15300,1530.0,https://www.larebajavirtual.com/montelukast-5-mg-la-sante-53137/p
2026-10-08,Locatel,montelukast,5 mg,Montelukast 5Mg Ag X 10 Tabletas,AMERICAN GENERICS,MONTELUKAST 5MG AG X 10 TABLETAS,10,15800,15800,1580.0,https://www.locatelcolombia.com/7706569022448-montelukast-5mg-ag-x-10-tabletas/p
2026-10-08,Locatel,montelukast,5 mg,Singulair 5mg X 30 Tabletas Masticables,ORGANON,SINGULAIR 5MG X 30 TABLETAS MASTICABLES SINGULAIR TABLETAS MASTICABLES 5MG X 30UND,30,225000,225000,7500.0,https://www.locatelcolombia.com/7897337715140-singulair-5mg-x-30-tabletas-masticables/p
2026-10-08,Olímpica,montelukast,5 mg,Montelukast 5 Mg La Santé X10 Tabletas Masticables,LA SANTE GENERICOS,MONTELUKAST 5 MG LA SANTE X10 TABLETAS MASTICABLES MONTELUKAST 5 MG CAJA X 10 TABLETAS MASTICABLE LA SANTE,10,11450,11450,1145.0,https://www.olimpica.com/montelukast-5-mg-caja-x-10-tabletas-masticable-la-sante-7703763220212-1086668/p
2026-10-08,Olímpica,montelukast,5 mg,MONTELUKAST 5 MG CAJA X 10 TABLETAS MASTICABLES,LA SANTE GENERICOS,MONTELUKAST 5 MG CAJA X 10 TABLETAS MASTICABLES,10,12950,12950,1295.0,https://www.olimpica.com/montelukast-5-mg-caja-x-10-tabletas-masticables/p
2026-10-08,Olímpica,montelukast,5 mg,Montelukast Mk 5 Mg Caja X 30 Tabletas,MKGENERICO,MONTELUKAST MK 5 MG CAJA X 30 TABLETAS MONTELUKAST 5 MG CAJA X 30 TABLETAS MK,30,42350,42350,1411.67,https://www.olimpica.com/montelukast-5-mg-caja-x-30-tabletas-mk-7702057709280-1475551/p
2026-10-08,La Rebaja,naproxeno,250 mg,NAPROXENO 250 MG (GENFAR),GENFAR,CAJA X 10 COMP,10,6640,8300,664.0,https://www.larebajavirtual.com/naproxeno-250-mg-genfar-38173/p
2026-10-08,La Rebaja,naproxeno,250 mg,NAPROXENO 250 MG (COASPHARMA),COASPHARMA,CAJA X 10 TAB,10,7200,7200,720.0,https://www.larebajavirtual.com/naproxeno-250-mg-coaspharma-15001/p
2026-10-08,La Rebaja,naproxeno,250 mg,NAPROXENO 250 MG (AMERICAN GENERICS),AG,CAJA X 10 TAB,10,7700,7700,770.0,https://www.larebajavirtual.com/naproxeno-250-mg-american-generics-18133/p
2026-10-08,Locatel,naproxeno,250 mg,Naproxeno 250Mg X 10 Capsulas,LA SANTE,NAPROXENO 250MG X 10 CAPSULAS,10,7450,7450,745.0,https://www.locatelcolombia.com/7703763410217-naproxeno-250mg-x-10-capsulas/p
2026-10-08,Locatel,naproxeno,250 mg,Naproxeno 250Mg Ag X 10 Tabletas,AMERICAN GENERICS,NAPROXENO 250MG AG X 10 TABLETAS,10,7650,7650,765.0,https://www.locatelcolombia.com/7706569001443-naproxeno-250mg-ag-x-10-tabletas/p
2026-10-08,Locatel,naproxeno,250 mg,Genfar Naproxeno 250Mg Caja X 10 Comprimidos,GENFAR,GENFAR NAPROXENO 250MG CAJA X 10 COMPRIMIDOS,10,8150,8150,815.0,https://www.locatelcolombia.com/7702605101931-genfar-naproxeno-250mg-caja-x-10-comprimidos/p
2026-10-08,Olímpica,naproxeno,250 mg,Naproxeno 250 Mg American Generics X10 Tabletas,AMERICAN GENERICS,NAPROXENO 250 MG AMERICAN GENERICS X10 TABLETAS NAPROXENO 250MG X 10 TABLETAS AMERICAN GENERICS,10,6600,6600,660.0,https://www.olimpica.com/naproxeno-250mg-x-10-tabletas-american-generics-7706569001443-813122/p
2026-10-08,Olímpica,naproxeno,250 mg,Naproxeno 250 Mg Genfar X10 Cápsulas,GENFAR,NAPROXENO 250 MG GENFAR X10 CAPSULAS NAPROXENO 250 MG CAJA X 10 CAP GENFAR,10,6800,6800,680.0,https://www.olimpica.com/naproxeno-250-mg-caja-x-10-cap-genfar-7702605101931-555351/p
2026-10-08,Olímpica,naproxeno,250 mg,Naproxeno 250 Mg La Santé X10 Cápsulas,LA SANTE GENERICOS,NAPROXENO 250 MG LA SANTE X10 CAPSULAS NAPROXENO 250 MG CAJA X 10 CAP LA SANTE,10,7150,7150,715.0,https://www.olimpica.com/naproxeno-250-mg-caja-x-10-cap-la-sante-7703763410217-58627/p
2026-10-08,Olímpica,naproxeno,250 mg,Naproxeno 250 Mg Best X10 Tabletas,BEST,NAPROXENO 250 MG BEST X10 TABLETAS NAPROXENO 250 MG CAJA X 10 TABLETAS BEST,10,8000,8000,800.0,https://www.olimpica.com/naproxeno-250-mg-caja-x-10-tabletas-best-7709270449139-1253593/p
2026-10-08,La Rebaja,naproxeno,275 mg,NAPROXENO SODICO 275 MG (MK),MK,CAJA X 10 TAB,10,10000,10000,1000.0,https://www.larebajavirtual.com/naproxeno-sodico-275-mg-mk-25006/p
2026-10-08,Locatel,naproxeno,275 mg,Naproxeno Mk 275Mg Caja X 10 Tabletas Cubiertas,MK,NAPROXENO MK 275MG CAJA X 10 TABLETAS CUBIERTAS,10,7600,7600,760.0,https://www.locatelcolombia.com/7702057610906-naproxeno-mk-275mg-caja-x-10-tabletas-cubiertas/p
2026-10-08,Locatel,naproxeno,275 mg,Apronax 275 Mg Cápsula Líquida Naproxeno Sódico Caja X 8 Cápsulas,APRONAX,APRONAX 275 MG CAPSULA LIQUIDA NAPROXENO SODICO CAJA X 8 CAPSULAS,8,18900,18900,2362.5,https://www.locatelcolombia.com/7702123006916-apronax-275-mg-capsula-liquida-naproxeno-sodico-caja-x-8-capsulas--1/p
2026-10-08,Locatel,naproxeno,275 mg,Apronax 275mg Naproxeno Sódico Caja x 8 tabletas,APRONAX,APRONAX 275MG NAPROXENO SODICO CAJA X 8 TABLETAS,8,19000,19000,2375.0,https://www.locatelcolombia.com/7702123005490-apronax-275mg-naproxeno-sodico-caja-x-8-tabletas/p
2026-10-08,Olímpica,naproxeno,275 mg,NAPROXENO MK 275MG  CAJAX10TABLETAS,MKGENERICO,NAPROXENO MK 275MG CAJAX10TABLETAS,,7100,7100,,https://www.olimpica.com/naproxeno-275-mg-caja-x-10-tabletas-mk-7702057610906-941427/p
2026-10-08,Olímpica,naproxeno,275 mg,Apronax® 275 mg Capsula Liquida Naproxeno Sodico Caja x 8 cap,APRONAX,APRONAX® 275 MG CAPSULA LIQUIDA NAPROXENO SODICO CAJA X 8 CAP,8,18100,18100,2262.5,https://www.olimpica.com/apronax-275-mg-capsula-liquida-naproxeno-sodico-caja-x-8-cap/p
2026-10-08,Olímpica,naproxeno,275 mg,Apronax® 275 mg Naproxeno Sodico Caja x 8 Tab,APRONAX,APRONAX® 275 MG NAPROXENO SODICO CAJA X 8 TAB,8,18950,18950,2368.75,https://www.olimpica.com/apronax--275-mg-naproxeno-sodico-caja-x-8-tab/p
2026-10-08,Olímpica,naproxeno,275 mg,Apronax® 275 mg Cápsula Liquida Naproxeno Sodico Caja Pague 14 Lleve 16,APRONAX,APRONAX® 275 MG CAPSULA LIQUIDA NAPROXENO SODICO CAJA PAGUE 14 LLEVE 16 APRONAX® 275 MG CAPSULA LIQUIDA NAPROXENO SODICO CAJA PAGUE 14 LLEVE 16 CAP,,33100,33100,,https://www.olimpica.com/apronax-275-mg-capsula-liquida-naproxeno-sodico-caja-pague-14-lleve-16-cap/p
2026-10-08,La Rebaja,naproxeno,500 mg,NAPROXENO 500 MG (COASPHARMA),COASPHARMA,CAJA X 10 TAB,10,9400,9400,940.0,https://www.larebajavirtual.com/naproxeno-500-mg-coaspharma-156133/p
2026-10-08,La Rebaja,naproxeno,500 mg,NAPROXENO 500 MG (GENFAR),GENFAR,CAJA X 10 TAB,10,10000,12500,1000.0,https://www.larebajavirtual.com/naproxeno-500-mg-genfar-42937/p
2026-10-08,La Rebaja,naproxeno,500 mg,NAPROXENO 500 MG (LA SANTE),LA SANTE,CAJA X 10 TAB,10,13400,13400,1340.0,https://www.larebajavirtual.com/naproxeno-500-mg-la-sante-43885/p
2026-10-08,La Rebaja,naproxeno,500 mg,NAPROXENO 500 MG (AG),AG,CAJA X 10 TAB,10,13900,13900,1390.0,https://www.larebajavirtual.com/naproxeno-500-mg-ag-55133/p
2026-10-08,Locatel,naproxeno,500 mg,Genfar Naproxeno 500Mg Caja X 10 Tabletas,GENFAR,GENFAR NAPROXENO 500MG CAJA X 10 TABLETAS,10,12350,12350,1235.0,https://www.locatelcolombia.com/7702605101948-genfar-naproxeno-500mg-caja-x-10-tabletas-1/p
2026-10-08,Locatel,naproxeno,500 mg,Naproxeno 500 Mg X 10 Tabletas,AMERICAN GENERICS,NAPROXENO 500 MG X 10 TABLETAS,10,12950,12950,1295.0,https://www.locatelcolombia.com/7706569001450-naproxeno-500-mg-x-10-tabletas/p
2026-10-08,Olímpica,naproxeno,500 mg,Naproxeno 500 Mg Genfar X10 Tabletas,GENFAR,NAPROXENO 500 MG GENFAR X10 TABLETAS NAPROXENO 500 MG CAJA X 10 TABLETAS GENFAR,10,11150,11150,1115.0,https://www.olimpica.com/naproxeno-500-mg-caja-x-10-tabletas-genfar-7702605101948-555352/p
2026-10-08,Olímpica,naproxeno,500 mg,Naproxeno 500 Mg American Generics X10 Tabletas,AMERICAN GENERICS,NAPROXENO 500 MG AMERICAN GENERICS X10 TABLETAS NAPROXENO 500MG CAJA X 10 TABLETAS AMERICAN GENERICS,10,13900,13900,1390.0,https://www.olimpica.com/naproxeno-500mg-caja-x-10-tabletas-american-generics-7706569001450-813124/p
2026-10-08,Olímpica,naproxeno,500 mg,Naproxeno 500 Mg Best X10 Tabletas,BEST,NAPROXENO 500 MG BEST X10 TABLETAS NAPROXENO 500MG CAJA X 10 TABLETASBEST,10,16050,16050,1605.0,https://www.olimpica.com/naproxeno-500mg-caja-x-10-tabletasbest-7707193640015-1253591/p
2026-10-08,La Rebaja,naproxeno,550 mg,NAPROXENO SODICO 550 MG (NOVAMED),NOVAMED,CAJA X 10 TAB,10,15900,26500,1590.0,https://www.larebajavirtual.com/naproxeno-sodico-550-mg-novamed-157386/p
2026-10-08,La Rebaja,naproxeno,550 mg,NAPROXENO SODICO 550 MG (MK),MK,CAJA X 10 CAP,10,17300,17300,1730.0,https://www.larebajavirtual.com/naproxeno-sodico-550-mg-mk-25005/p
2026-10-08,Locatel,naproxeno,550 mg,Naproxeno Mk 550Mg Caja X 10 Tabletas Cubiertas,MK,NAPROXENO MK 550MG CAJA X 10 TABLETAS CUBIERTAS,10,14750,14750,1475.0,https://www.locatelcolombia.com/7702057320904-naproxeno-mk-550mg-caja-x-10-tabletas-cubiertas/p
2026-10-08,Locatel,naproxeno,550 mg,Apronax 550 mg Naproxeno Sódico,APRONAX,APRONAX 550 MG NAPROXENO SODICO BLISTER X 4UND,4,15560,15560,3890.0,https://www.locatelcolombia.com/7702123005520-apronax-550-mg-naproxeno-sodico/p
2026-10-08,Locatel,naproxeno,550 mg,Apronax 550 mg Naproxeno Sódico,APRONAX,APRONAX 550 MG NAPROXENO SODICO CAJA X 20 TABLETAS,20,77800,77800,3890.0,https://www.locatelcolombia.com/7702123005520-apronax-550-mg-naproxeno-sodico/p
2026-10-08,Olímpica,naproxeno,550 mg,NAPROXENO MK 550MG  CAJAX10TABLETAS,MKGENERICO,NAPROXENO MK 550MG CAJAX10TABLETAS,,14700,14700,,https://www.olimpica.com/naproxeno-550-mg-caja-x-10-tabletas-mk-7702057320904-941428/p
2026-10-08,Locatel,omeprazol,10 mg,Genoprazol Capsula Omeprazol 10Mg,GENOPRAZOL,GENOPRAZOL CAPSULA OMEPRAZOL 10MG,,6800,6800,,https://www.locatelcolombia.com/650240031267-genoprazol-capsula-omeprazol-10mg/p
2026-10-08,Olímpica,omeprazol,10 mg,Genoprazol Omeprazol 10 Mg X14 Cápsulas,GENOMMA LAB,GENOPRAZOL OMEPRAZOL 10 MG X14 CAPSULAS GENOPRAZOL CAPSULA OMEPRAZOL 10 MG CJ X 14 CAPSULAS,14,6400,6400,457.14,https://www.olimpica.com/genoprazol-capsula-omeprazol-10-mg-cj-x-14-capsulas-650240031267-1152965/p
2026-10-08,Locatel,omeprazol,20 mg,Genfar Omeprazol 20Mg Caja X 10 Capsulas,GENFAR,GENFAR OMEPRAZOL 20MG CAJA X 10 CAPSULAS,10,4750,4750,475.0,https://www.locatelcolombia.com/7702605102044-genfar-omeprazol-20mg-caja-x-10-capsulas/p
2026-10-08,Locatel,omeprazol,20 mg,Omeprazol 20Mg X 30 Capsulas,LA SANTE,OMEPRAZOL 20MG X 30 CAPSULAS,30,9950,9950,331.67,https://www.locatelcolombia.com/7703763295241-omeprazol-20mg-x-30-capsulas/p
2026-10-08,Locatel,omeprazol,20 mg,Omeprazol Mk 20mg X 30Tabletas,MK,OMEPRAZOL MK 20MG X 30TABLETAS,30,19850,19850,661.67,https://www.locatelcolombia.com/7702057710217-omeprazol-mk-20mg-x-30tabletas/p
2026-10-08,Olímpica,omeprazol,20 mg,Omeprazol 20 Mg Genfar X10 Cápsulas,GENFAR,OMEPRAZOL 20 MG GENFAR X10 CAPSULAS OMEPRAZOL 20 MG CAJA X 10 CAP GENFAR,10,4500,4500,450.0,https://www.olimpica.com/omeprazol-20-mg-caja-x-10-cap-genfar-7702605102044-558479/p
2026-10-08,Olímpica,omeprazol,20 mg,Omeprazol Colmed 20 Mg Caja X 20 Capsulas,COLMED,OMEPRAZOL COLMED 20 MG CAJA X 20 CAPSULAS OMEPRAZOL 20 MG CAJA X 20 CAP COLMED,20,5350,5350,267.5,https://www.olimpica.com/omeprazol-20-mg-caja-x-20-cap-colmed-7703153021160-1597212/p
2026-10-08,Olímpica,omeprazol,20 mg,Omeprazol La Sante 20 Mg Caja X 30 Capsulas,LA SANTE GENERICOS,OMEPRAZOL LA SANTE 20 MG CAJA X 30 CAPSULAS OMEPRAZOL 20 MG CJ X 30 CAP LS,30,9350,9350,311.67,https://www.olimpica.com/omeprazol-20-mg-cj-x-30-cap-ls-7703763295241-2186878/p
2026-10-08,Olímpica,omeprazol,20 mg,Genoprazol Omeprazol 20 Mg X14 Cápsulas,GENOMMA LAB,GENOPRAZOL OMEPRAZOL 20 MG X14 CAPSULAS GENOPRAZOL 20 MG CAJA X 24 CAPSULAS,14,11650,11650,832.14,https://www.olimpica.com/genoprazol-20-mg-caja-x-24-capsulas-650240003950-1152966/p
2026-10-08,Olímpica,omeprazol,20 mg,OMEPRAZOL 20 MG CJ X 30 CAP MK,OMEPRAZOL,OMEPRAZOL 20 MG CJ X 30 CAP MK,30,22500,22500,750.0,https://www.olimpica.com/omeprazol-20-mg-cj-x-30-cap-mk-1/p
2026-10-08,Locatel,rosuvastatina,10 mg,Rosuvastatina MK 10mg X 30 Tabletas,MK,ROSUVASTATINA MK 10MG X 30 TABLETAS,30,53800,53800,1793.33,https://www.locatelcolombia.com/7702057716639-rosuvastatina-mk-10mg-x-30-tabletas/p
2026-10-08,Locatel,rosuvastatina,10 mg,Rosuvastatina 10 Mg X 14 Tabletas,GENFAR,ROSUVASTATINA 10 MG X 14 TABLETAS,14,94400,94400,6742.86,https://www.locatelcolombia.com/7705959013431-rosuvastatina-10-mg-x-14-tabletas/p
2026-10-08,Locatel,rosuvastatina,10 mg,Rosuvastatina Genfar 10Mg X 28 Comprimidos Recubiertos,GENFAR,ROSUVASTATINA GENFAR 10MG X 28 COMPRIMIDOS RECUBIERTOS,28,145100,145100,5182.14,https://www.locatelcolombia.com/7705959885731-rosuvastatina-genfar-com-recub-10mg-x28/p
2026-10-08,Locatel,rosuvastatina,10 mg,Rosuvastatina Mk 10Mg Caja X 28 Tabletas Recubiertas,MK,ROSUVASTATINA MK 10MG CAJA X 28 TABLETAS RECUBIERTAS,28,157500,157500,5625.0,https://www.locatelcolombia.com/7702057061999-rosuvastatina-mk-10mg-caja-x-28-tabletas-recubiertas-1/p
2026-10-08,Locatel,rosuvastatina,10 mg,Crestor 10Mg X 30 Tabletas,CRESTOR,CRESTOR 10MG X 30 TABLETAS,30,299900,299900,9996.67,https://www.locatelcolombia.com/7896206405168-crestor-10mg-x-30-tabletas/p
2026-10-08,Olímpica,rosuvastatina,10 mg,Rosuvastatina La Santé 10 Mg Caja X 10 Tabletas,LA SANTE GENERICOS,ROSUVASTATINA LA SANTE 10 MG CAJA X 10 TABLETAS ROSUVASTATINA 10 MG CAJA X 10 TABLETAS LA SANTE,10,56850,56850,5685.0,https://www.olimpica.com/rosuvastatina-10-mg-caja-x-10-tabletas-la-sante-7703763992874-1329562/p
2026-10-08,Olímpica,rosuvastatina,10 mg,ROSUVASTATINA 10 MG TAB CJ X 30 TAB MK,ROSUVASTATINA,ROSUVASTATINA 10 MG TAB CJ X 30 TAB MK,30,58350,58350,1945.0,https://www.olimpica.com/rosuvastatina-10-mg-tab-cj-x-30-tab-mk/p
2026-10-08,Olímpica,rosuvastatina,10 mg,Rosuvastatina AG 10 Mg Caja X 28 Tabletas,AMERICAN GENERICS,ROSUVASTATINA AG 10 MG CAJA X 28 TABLETAS ROSUVASTATINA 10 MG CAJA X 28 TABLETAS AMERICAN GENERICS,28,155700,155700,5560.71,https://www.olimpica.com/rosuvastatina-10-mg-caja-x-28-tabletas-american-generics-7706569023100-2072232/p
2026-10-08,Olímpica,rosuvastatina,10 mg,Rosuvastatina 10 Mg MK X28 Tabletas,MKGENERICO,ROSUVASTATINA 10 MG MK X28 TABLETAS ROSUVASTATINA 10 MG CAJA 28 TABLETAS,28,163149,163149,5826.75,https://www.olimpica.com/rosuvastatina-10-mg-caja-28-tabletas-7702057061999-1027993/p
2026-10-08,Olímpica,rosuvastatina,10 mg,Crestor 10 Mg Astrazeneca X30 Tabletas,ASTRAZENECA,CRESTOR 10 MG ASTRAZENECA X30 TABLETAS CRESTOR 10 MG CAJA X 30 TABLETAS,30,298400,298400,9946.67,https://www.olimpica.com/crestor-10-mg-caja-x-30-tabletas-7896206405168-935285/p
2026-10-08,La Rebaja,rosuvastatina,20 mg,ROSUVASTATINA MK 20 MG,MK,CAJA X 30 TAB,30,54700,54700,1823.33,https://www.larebajavirtual.com/rosuvastatina-mk-20-mg-157816/p
2026-10-08,Locatel,rosuvastatina,20 mg,Rosuvastatina MK 20mg X 30 Tabletas,MK,ROSUVASTATINA MK 20MG X 30 TABLETAS,30,65850,65850,2195.0,https://www.locatelcolombia.com/7702057716615-rosuvastatina-mk-20mg-x-30-tabletas-/p
2026-10-08,Locatel,rosuvastatina,20 mg,Rosuvastatina 20 Mg X 14 Tabletas,GENFAR,ROSUVASTATINA 20 MG X 14 TABLETAS,14,111850,111850,7989.29,https://www.locatelcolombia.com/7705959013448-rosuvastatina-20-mg-x-14-tabletas/p
2026-10-08,Locatel,rosuvastatina,20 mg,Rosuvastatina Genfar Com.Recub.20Mg X28,GENFAR,ROSUVASTATINA GENFAR COM.RECUB.20MG X28,28,165150,165150,5898.21,https://www.locatelcolombia.com/7705959885748-rosuvastatina-genfar-com-recub-20mg-x28/p
2026-10-08,Locatel,rosuvastatina,20 mg,Rosuvax E Rosuvastatina 20mg X 30 Tabletas,ROSUVAX E,ROSUVAX E ROSUVASTATINA 20MG X 30 TABLETAS,30,167625,335250,5587.5,https://www.locatelcolombia.com/7707182841324-rosuvax-e-rosuvastatina-20mg-x-30-tabletas/p
2026-10-08,Locatel,rosuvastatina,20 mg,Rosuvastatina 20Mg X 30 Tabletas,LA SANTE,ROSUVASTATINA 20MG X 30 TABLETAS,30,177750,177750,5925.0,https://www.locatelcolombia.com/7703763446360-rosuvastatina-20mg-x-30-tabletas/p
2026-10-08,Locatel,rosuvastatina,20 mg,Crestor 20Mg X 30 Comprimidos,ASTRAZENECA,CRESTOR 20MG X 30 COMPRIMIDOS,30,302400,302400,10080.0,https://www.locatelcolombia.com/7896206405199-crestor-20mg-x-30-comprimidos/p
2026-10-08,Olímpica,rosuvastatina,20 mg,ROSUVASTATINA 20 MG CJ X 30 TAB MK,ROSUVASTATINA,ROSUVASTATINA 20 MG CJ X 30 TAB MK,30,60900,60900,2030.0,https://www.olimpica.com/rosuvastatina-20-mg-cj-x-30-tab-mk/p
2026-10-08,Olímpica,rosuvastatina,20 mg,ROSUVASTATINA 20MG X 30 TAB ECAR,ROSUVASTATINA,ROSUVASTATINA 20MG X 30 TAB ECAR,30,69900,69900,2330.0,https://www.olimpica.com/rosuvastatina-20mg-x-30-tab-ecar/p
2026-10-08,Olímpica,rosuvastatina,20 mg,Rosuvastatina La Sante  X 30 Tabletas 20 Mg,LA SANTE GENERICOS,ROSUVASTATINA LA SANTE X 30 TABLETAS 20 MG ROSUVASTATINA 20 MG CJ X 30 TAB LS,30,169750,169750,5658.33,https://www.olimpica.com/rosuvastatina-20-mg-cj-x-30-tab-ls-7703763446360-2196093/p
2026-10-08,Olímpica,rosuvastatina,20 mg,Rosuvastatina AG 20 Mg Caja X 28 Tabletas,AMERICAN GENERICS,ROSUVASTATINA AG 20 MG CAJA X 28 TABLETAS ROSUVASTATINA 20 MG CAJA X 28 TABLETAS AMERICAN GENERICS,28,176800,176800,6314.29,https://www.olimpica.com/rosuvastatina-20-mg-caja-x-28-tabletas-american-generics-7706569023117-2072233/p
2026-10-08,Olímpica,rosuvastatina,20 mg,Rosuvastatina 20 Mg MK X28 Tabletas,MKGENERICO,ROSUVASTATINA 20 MG MK X28 TABLETAS ROSUVASTATINA 20 MG CAJA 28 TABLETAS MK,28,191400,191400,6835.71,https://www.olimpica.com/rosuvastatina-20-mg-caja-28-tabletas-mk-7702057062170-1027994/p
2026-10-08,Olímpica,rosuvastatina,20 mg,Crestor 20 Mg Astrazeneca X30 Tabletas,ASTRAZENECA,CRESTOR 20 MG ASTRAZENECA X30 TABLETAS CRESTOR 20 MG CAJA X 30 TABLETAS,30,298400,298400,9946.67,https://www.olimpica.com/crestor-20-mg-caja-x-30-tabletas-7896206405199-960081/p
2026-10-08,La Rebaja,rosuvastatina,40 mg,ROSUVASTATINA 40 MG (MK),MK,CAJA X 28 TAB,28,52100,52100,1860.71,https://www.larebajavirtual.com/rosuvastatina-40-mg-mk-100037/p
2026-10-08,Locatel,rosuvastatina,40 mg,Rosuvax Rosuvastatina 40mg X 30 Tabletas,ROSUVAX E,ROSUVAX ROSUVASTATINA 40MG X 30 TABLETAS,30,177450,354900,5915.0,https://www.locatelcolombia.com/7707182841645-rosuvax-rosuvastatina-40mg-x-30-tabletas/p
2026-10-08,Locatel,rosuvastatina,40 mg,Crestor 40Mg X 30 Comprimidos,ASTRAZENECA,CRESTOR 40MG X 30 COMPRIMIDOS,30,473550,473550,15785.0,https://www.locatelcolombia.com/7896206406523-crestor-40mg-x-30-comprimidos/p
2026-10-08,Olímpica,rosuvastatina,40 mg,ROSUVASTATINA 40 MG BLISTER X 10 TABLETAS,ROSUVASTATINA,ROSUVASTATINA 40 MG BLISTER X 10 TABLETAS ROSUVASTATINA 40 MG CJ X 30 TAB ECAR,10,30066,30066,3006.6,https://www.olimpica.com/rosuvastatina-40-mg-cj-x-30-tab-ecar---blister/p
2026-10-08,Olímpica,rosuvastatina,40 mg,Rosuvastatina 40 Mg MK X28 Tabletas,MKGENERICO,ROSUVASTATINA 40 MG MK X28 TABLETAS ROSUVASTATINA 40 MG CAJA 28 TABLETAS MK,28,50700,50700,1810.71,https://www.olimpica.com/rosuvastatina-40-mg-caja-28-tabletas-mk-7702057062187-1027995/p
2026-10-08,Olímpica,rosuvastatina,40 mg,Rosuvastatina AG 40 Mg Caja X 28 Tabletas,AMERICAN GENERICS,ROSUVASTATINA AG 40 MG CAJA X 28 TABLETAS ROSUVASTATINA 40 MG CAJA X 28 TABLETAS AMERICAN GENERICS,28,230050,230050,8216.07,https://www.olimpica.com/rosuvastatina-40-mg-caja-x-28-tabletas-american-generics-7706569023124-2072234/p
2026-10-08,Olímpica,rosuvastatina,40 mg,Cardiomax Rosuvastatina 40 Mg Caja X 10 Tabletas,LAFRANCOL FARMA,CARDIOMAX ROSUVASTATINA 40 MG CAJA X 10 TABLETAS CARDIOMAX 40 MG CAJA X 10 TABLETAS,10,253200,253200,25320.0,https://www.olimpica.com/cardiomax-40-mg-caja-x-10-tabletas-7702870004333-1607741/p
2026-10-08,Olímpica,rosuvastatina,40 mg,Crestor 40 Mg X30 Tabletas,CRESTOR,CRESTOR 40 MG X30 TABLETAS CRESTOR 40 MG CAJA X 30 TABLETAS,30,479400,479400,15980.0,https://www.olimpica.com/crestor-40-mg-caja-x-30-tabletas/p
2026-10-08,La Rebaja,sertralina,100 mg,SERTRALINA 100 MG (GENFAR),GENFAR,CAJA X 10 TAB,10,89960,94700,8996.0,https://www.larebajavirtual.com/sertralina-100-mg-genfar-47210/p
2026-10-08,La Rebaja,sertralina,100 mg,SERTRALINA 100 MG (MK),MK,CAJA X 30 TAB,30,286700,286700,9556.67,https://www.larebajavirtual.com/sertralina-100-mg-mk-147300/p
2026-10-08,Locatel,sertralina,100 mg,Sertralina 100Mg Caja X 10 Tabletas,PROCAPS,SERTRALINA 100MG CAJA X 10 TABLETAS,10,75000,75000,7500.0,https://www.locatelcolombia.com/7703153018740-sertralina-100mg-caja-x-10-tabletas-1/p
2026-10-08,Locatel,sertralina,100 mg,Sertralina Mk 100Mg Caja X 30 Tabletas Recubiertas,MK,SERTRALINA MK 100MG CAJA X 30 TABLETAS RECUBIERTAS,30,272250,272250,9075.0,https://www.locatelcolombia.com/7702057712358-sertralina-mk-100mg-caja-x-30-tabletas-recubiertas/p
2026-10-08,Olímpica,sertralina,100 mg,Sertralina 100 Mg Genfar X10 Tabletas,GENFAR,SERTRALINA 100 MG GENFAR X10 TABLETAS SERTRALINA 100MG CAJA X 10 TABLETAS GENFAR,10,85950,85950,8595.0,https://www.olimpica.com/sertralina-100mg-caja-x-10-tabletas-genfar-7702605103959-1126112/p
2026-10-08,Olímpica,sertralina,100 mg,Sertralina 100 Mg MK X30 Tabletas,MKGENERICO,SERTRALINA 100 MG MK X30 TABLETAS SERTRALINA 100 MG CJ X 30 TAB MK,30,300950,300950,10031.67,https://www.olimpica.com/sertralina-100-mg-cj-x-30-tab-mk-7702057712358-2211434/p
2026-10-08,La Rebaja,sertralina,50 mg,SERTRALINA 50 MG (COASPHARMA),COASPHARMA,CAJA X 10 TAB,10,35100,35100,3510.0,https://www.larebajavirtual.com/sertralina-50-mg-coaspharma-154042/p
2026-10-08,La Rebaja,sertralina,50 mg,SERTRALINA 50 MG (LA SANTE),LA SANTE,CAJA X 10 TAB,10,48800,48800,4880.0,https://www.larebajavirtual.com/sertralina-50-mg-la-sante-47453/p
2026-10-08,La Rebaja,sertralina,50 mg,SERTRALINA 50 MG (GENFAR),GENFAR,CAJA X 30 TAB,30,106800,142400,3560.0,https://www.larebajavirtual.com/sertralina-50-mg-genfar-149788/p
2026-10-08,La Rebaja,sertralina,50 mg,SERTRALINA 50 MG (MK),MK,CAJA X 30 TAB,30,149400,149400,4980.0,https://www.larebajavirtual.com/sertralina-50-mg-mk-147299/p
2026-10-08,Locatel,sertralina,50 mg,Sertralina  50Mg Caja X 10 Tabletas,LA SANTE,SERTRALINA 50MG CAJA X 10 TABLETAS,10,46800,46800,4680.0,https://www.locatelcolombia.com/7703763190164-sertralina--50mg-caja-x-10-tabletas/p
2026-10-08,Locatel,sertralina,50 mg,Sertralina Mk 50Mg Caja X 30 Tabletas Recubiertas,MK,SERTRALINA MK 50MG CAJA X 30 TABLETAS RECUBIERTAS,30,135850,135850,4528.33,https://www.locatelcolombia.com/7702057711382-sertralina-mk-50mg-caja-x-30-tabletas-recubiertas/p
2026-10-08,Olímpica,sertralina,50 mg,Sertralina 50 Mg La Santé X10 Tabletas,LA SANTE GENERICOS,SERTRALINA 50 MG LA SANTE X10 TABLETAS SERTRALINA 50 MG CAJA X 10 TABLETAS LA SANTE,10,46000,46000,4600.0,https://www.olimpica.com/sertralina-50-mg-caja-x-10-tabletas-la-sante-7703763190164-1596575/p
2026-10-08,Olímpica,sertralina,50 mg,Sertralina 50 Mg American Generics X10 Tabletas,AMERICAN GENERICS,SERTRALINA 50 MG AMERICAN GENERICS X10 TABLETAS SERTRALINA 50 MG CAJA X 10 TABLETAS AMERICAN GENERICS,10,46950,46950,4695.0,https://www.olimpica.com/sertralina-50-mg-caja-x-10-tabletas-american-generics-7706569020536-1223576/p
2026-10-08,Olímpica,sertralina,50 mg,SERTRALINA 50 MG CJ X 30 TAB GF,SIN MARCA,SERTRALINA 50 MG CJ X 30 TAB GF,30,124400,124400,4146.67,https://www.olimpica.com/sertralina-50-mg-cj-x-30-tab-gf/p
2026-10-08,Olímpica,sertralina,50 mg,SERTRALINA 50 MG CJ X 30 TAB AG,SIN MARCA,SERTRALINA 50 MG CJ X 30 TAB AG,30,136600,136600,4553.33,https://www.olimpica.com/sertralina-50-mg-cj-x-30-tab-ag/p
2026-10-08,Olímpica,sertralina,50 mg,Sertralina 50 Mg MK X30 Tabletas,MKGENERICO,SERTRALINA 50 MG MK X30 TABLETAS SERTRALINA 50 MG CJ X 30 TAB MK,30,140650,140650,4688.33,https://www.olimpica.com/sertralina-50-mg-cj-x-30-tab-mk-7702057711382-2205707/p
2026-10-08,Olímpica,sertralina,50 mg,Zolof Sertralina 50 Mg Pfizer X30 Tabletas,ZOLOF,ZOLOF SERTRALINA 50 MG PFIZER X30 TABLETAS ZOLOF 50 MG CAJA X 30 TABLETAS,30,192900,192900,6430.0,https://www.olimpica.com/zolof-50-mg-caja-x-30-tabletas-7703283405953-1367296/p
2026-10-08,La Rebaja,sildenafil,100 mg,SILDENAFIL 100 MG (GENFAR),GENFAR,CAJA X 1 TAB,1,15100,15900,15100.0,https://www.larebajavirtual.com/sildenafil-100-mg-genfar-50201/p
2026-10-08,La Rebaja,sildenafil,100 mg,SILDENAFIL 100 MG (MK),MK,CAJA X 1 TAB,1,18000,18000,18000.0,https://www.larebajavirtual.com/sildenafil-100-mg-mk-93361/p
2026-10-08,La Rebaja,sildenafil,100 mg,VIAGRA 100 MG,VIAGRA,CAJA X 1 TAB,1,36400,36400,36400.0,https://www.larebajavirtual.com/viagra-100-mg-31573/p
2026-10-08,Locatel,sildenafil,100 mg,Sildenafil 100Mg Ag X 1 Tableta,AMERICAN GENERICS,SILDENAFIL 100MG AG X 1 TABLETA,1,12500,12500,12500.0,https://www.locatelcolombia.com/7706569020857-sildenafil-100mg-ag-x-1-tableta/p
2026-10-08,Locatel,sildenafil,100 mg,Sildenafil Mk 100Mg Caja X 1 Tableta Cubierta,MK,SILDENAFIL MK 100MG CAJA X 1 TABLETA CUBIERTA,1,16800,16800,16800.0,https://www.locatelcolombia.com/7702057061326-sildenafil-mk-100mg--caja-x-1-tableta-cubierta/p
2026-10-08,Locatel,sildenafil,100 mg,Viagra 100Mg X 1 Tableta,VIAGRA,VIAGRA 100MG X 1 TABLETA,1,34350,34350,34350.0,https://www.locatelcolombia.com/7703283400026-viagra-100mg-x-1-tableta/p
2026-10-08,Olímpica,sildenafil,100 mg,Sildenafil 100 Mg American Generics X1 Tableta,AMERICAN GENERICS,SILDENAFIL 100 MG AMERICAN GENERICS X1 TABLETA SILDENAFIL 100 MG CAJA X 1 TABLETAS AMERICAN GENERICS,1,13750,13750,13750.0,https://www.olimpica.com/sildenafil-100-mg-caja-x-1-tabletas-american-generics-7706569020857-1517437/p
2026-10-08,Olímpica,sildenafil,100 mg,Sildenafil 100 Mg MK X1 Tableta,MKGENERICO,SILDENAFIL 100 MG MK X1 TABLETA SILDENAFIL 100 MG CAJA X 1 TABLETAS MK,1,16300,16300,16300.0,https://www.olimpica.com/sildenafil-100-mg-caja-x-1-tabletas-mk-7702057061326-752498/p
2026-10-08,Olímpica,sildenafil,100 mg,Viagra Sildenafil 100 Mg Pfizer X1 Tableta,PFIZER,VIAGRA SILDENAFIL 100 MG PFIZER X1 TABLETA VIAGRA 100 MG CAJA X 1 TAB,1,33650,33650,33650.0,https://www.olimpica.com/viagra-100-mg-caja-x-1-tab-7703283400026-608618/p
2026-10-08,Locatel,sildenafil,25 mg,Genfar Sildenafil 25Mg Caja X 4 Tabletas Recubiertas,GENFAR,GENFAR SILDENAFIL 25MG CAJA X 4 TABLETAS RECUBIERTAS,4,13200,13200,3300.0,https://www.locatelcolombia.com/7702605105670-genfar-sildenafil-25mg-caja-x-4-tabletas-recubiertas/p
2026-10-08,Olímpica,sildenafil,25 mg,SILDENAFIL 25 MG CAJA X 4 TABLETAS,SILDENAFIL,SILDENAFIL 25 MG CAJA X 4 TABLETAS,4,10100,10100,2525.0,https://www.olimpica.com/sildenafil-25-mg-caja-x-4-tabletas/p
2026-10-08,La Rebaja,sildenafil,50 mg,SILDENAFIL 50 MG (GENFAR),GENFAR,CAJA X 2 TAB,2,6300,8400,3150.0,https://www.larebajavirtual.com/sildenafil-50-mg-genfar-42941/p
2026-10-08,La Rebaja,sildenafil,50 mg,SILDENAFIL 50 MG (COASPHARMA),COASPHARMA,CAJA X 2 TAB,2,7400,7400,3700.0,https://www.larebajavirtual.com/sildenafil-50-mg-coaspharma-30682/p
2026-10-08,La Rebaja,sildenafil,50 mg,SILDENAFIL 50 MG (LA SANTE),LA SANTE,CAJA X 2 TAB,2,8600,8600,4300.0,https://www.larebajavirtual.com/sildenafil-50-mg-la-sante-43887/p
2026-10-08,La Rebaja,sildenafil,50 mg,SILDENAFIL 50 MG (MK),MK,CAJA X 2 TAB,2,11000,11000,5500.0,https://www.larebajavirtual.com/sildenafil-50-mg-mk-42971/p
2026-10-08,La Rebaja,sildenafil,50 mg,SILDENAFIL 50 MG (GENFAR),GENFAR,CAJA X 4 TAB,4,12830,15100,3207.5,https://www.larebajavirtual.com/sildenafil-50-mg-genfar-51157/p
2026-10-08,La Rebaja,sildenafil,50 mg,SILDENAFIL 50 MG (AG),AG,CAJA X 4 TAB,4,15900,15900,3975.0,https://www.larebajavirtual.com/sildenafil-50-mg-ag-18827/p
2026-10-08,La Rebaja,sildenafil,50 mg,SILDENAFIL 50 MG (MK),MK,CAJA X 4 TAB,4,20000,20000,5000.0,https://www.larebajavirtual.com/sildenafil-50-mg-mk-46770/p
2026-10-08,La Rebaja,sildenafil,50 mg,VIAGRA 50 MG,VIAGRA,CAJA X 2 TAB,2,33100,33100,16550.0,https://www.larebajavirtual.com/viagra-50-mg-23517/p
2026-10-08,La Rebaja,sildenafil,50 mg,VIAGRA 50 MG,VIAGRA,CAJA X 4 TAB,4,50400,50400,12600.0,https://www.larebajavirtual.com/viagra-50-mg-115497/p
2026-10-08,Locatel,sildenafil,50 mg,Sildenafil 50Mg Ag X 2 Tabletas,AMERICAN GENERICS,SILDENAFIL 50MG AG X 2 TABLETAS,2,7400,7400,3700.0,https://www.locatelcolombia.com/7706569001276-sildenafil-50mg-ag-x-2-tabletas/p
2026-10-08,Locatel,sildenafil,50 mg,Genfar Sildenafil 50Mg X 2 Tabletas Recubiertas,GENFAR,GENFAR SILDENAFIL 50MG X 2 TABLETAS RECUBIERTAS,2,7550,7550,3775.0,https://www.locatelcolombia.com/7702605103133-genfar-sildenafil-50mg-x-2-tabletas-recubiertas/p
2026-10-08,Locatel,sildenafil,50 mg,Sildenafil 50Mg Ag X 2 Tabletas Masticables,AMERICAN GENERICS,SILDENAFIL 50MG AG X 2 TABLETAS MASTICABLES,2,8400,8400,4200.0,https://www.locatelcolombia.com/7706569020079-sildenafil-50mg-ag-x-2-tabletas-masticables/p
2026-10-08,Locatel,sildenafil,50 mg,Sildenafil Mk 50Mg X 2 Tabletas Cubiertas,MK,SILDENAFIL MK 50MG X 2 TABLETAS CUBIERTAS,2,9700,9700,4850.0,https://www.locatelcolombia.com/7702057073459-sildenafil-mk-50mg-x-2-tabletas-cubiertas/p
2026-10-08,Locatel,sildenafil,50 mg,Genfar Sildenafil 50Mg Caja X 4 Tabletas,GENFAR,GENFAR SILDENAFIL 50MG CAJA X 4 TABLETAS,4,13800,13800,3450.0,https://www.locatelcolombia.com/7702605103140-genfar-sildenafil-50mg-caja-x-4-tabletas-1/p
2026-10-08,Locatel,sildenafil,50 mg,Sildenafil 50Mg Ag X 4 Tabletas,AMERICAN GENERICS,SILDENAFIL 50MG AG X 4 TABLETAS,4,16600,16600,4150.0,https://www.locatelcolombia.com/7706569002778-sildenafil-50mg-ag-x-4-tabletas/p
2026-10-08,Locatel,sildenafil,50 mg,Sildenafil Mk 50Mg X 4 Tabletas Cubiertas,MK,SILDENAFIL MK 50MG X 4 TABLETAS CUBIERTAS,4,16950,16950,4237.5,https://www.locatelcolombia.com/7702057072025-sildenafil-mk-50mg-caja-x-4-tabletas-cubiertas-1/p
2026-10-08,Locatel,sildenafil,50 mg,Viagra 50Mg X 2 Tabletas,VIAGRA,VIAGRA 50MG X 2 TABLETAS,2,32950,32950,16475.0,https://www.locatelcolombia.com/7703283400040-viagra-50mg-x-2-tabletas/p
2026-10-08,Olímpica,sildenafil,50 mg,Sildenafil 50 Mg Genfar X2 Tabletas,GENFAR,SILDENAFIL 50 MG GENFAR X2 TABLETAS SILDENAFIL 50 MG CAJA X 2 TABLETAS GENFAR,2,7200,7200,3600.0,https://www.olimpica.com/sildenafil-50-mg-caja-x-2-tabletas-genfar-7702605103133-1126154/p
2026-10-08,Olímpica,sildenafil,50 mg,Sildenafil 50 Mg American Generics X2 Tabletas,AMERICAN GENERICS,SILDENAFIL 50 MG AMERICAN GENERICS X2 TABLETAS SILDENAFIL 50 MG CAJA X 2 TABLETAS AMERICAN GENERICS,2,7600,7600,3800.0,https://www.olimpica.com/sildenafil-50-mg-caja-x-2-tabletas-american-generics-7706569001276-692053/p
2026-10-08,Olímpica,sildenafil,50 mg,Sildenafil 50 Mg American Generics X2 Tabletas,AMERICAN GENERICS,SILDENAFIL 50 MG AMERICAN GENERICS X2 TABLETAS SILDENAFIL 50 MG CAJA X 2 TABLETAS MAST AMERICAN GENERICS,2,7850,7850,3925.0,https://www.olimpica.com/sildenafil-50-mg-caja-x-2-tabletas-mast-american-generics-7706569020079-1184396/p
2026-10-08,Olímpica,sildenafil,50 mg,Sildenafil 50 Mg La Santé X2 Tabletas,LA SANTE GENERICOS,SILDENAFIL 50 MG LA SANTE X2 TABLETAS SILDENAFIL 50 MG CAJA X 2 TABLETAS LA SANTE,2,7950,7950,3975.0,https://www.olimpica.com/sildenafil-50-mg-caja-x-2-tabletas-la-sante-7703763163014-1341373/p
2026-10-08,Olímpica,sildenafil,50 mg,Sildenafil 50 Mg La Santé X2 Tabletas,LA SANTE GENERICOS,SILDENAFIL 50 MG LA SANTE X2 TABLETAS SILDENAFIL MASTICABLE 50 MG X 2 TABLETAS LA SANTE,2,8900,8900,4450.0,https://www.olimpica.com/sildenafil-masticable-50-mg-x-2-tabletas-la-sante-7703763163069-1323498/p
2026-10-08,Olímpica,sildenafil,50 mg,Sildenafil 50 Mg Genfar X4 Tabletas,GENFAR,SILDENAFIL 50 MG GENFAR X4 TABLETAS SILDENAFILO 50 MG CAJA X 4 TABLETAS GENFAR,4,13150,13150,3287.5,https://www.olimpica.com/sildenafilo-50-mg-caja-x-4-tabletas-genfar-7702605103140-632231/p
2026-10-08,Olímpica,sildenafil,50 mg,Sildenafil 50 Mg MK X4 Tabletas,MKGENERICO,SILDENAFIL 50 MG MK X4 TABLETAS SILDENAFIL 50 MG CAJA X 4 TABLETAS MK,4,18350,18350,4587.5,https://www.olimpica.com/sildenafil-50-mg-caja-x-4-tabletas-mk-7702057072025-1128113/p
2026-10-08,Olímpica,sildenafil,50 mg,Parolex Sildenafil 50 Mg Best X2 Tabletas,BEST,PAROLEX SILDENAFIL 50 MG BEST X2 TABLETAS PAROLEX 50 MG CAJA X 2 TAB,2,18850,18850,9425.0,https://www.olimpica.com/parolex-50-mg-caja-x-2-tab-7707193642972-986224/p
2026-10-08,Olímpica,sildenafil,50 mg,Viagra 50 Mg Pfizer X2 Tabletas,PFIZER,VIAGRA 50 MG PFIZER X2 TABLETAS VIAGRA 50 MG CAJA X 2 TABLETAS,2,30250,30250,15125.0,https://www.olimpica.com/viagra-50-mg-caja-x-2-tabletas-7703283400040-132609/p
2026-10-08,Olímpica,sildenafil,50 mg,Viagra 50 Mg Pfizer X4 Tabletas,PFIZER,VIAGRA 50 MG PFIZER X4 TABLETAS VIAGRA 4 TABLETAS X 50 MG,4,47400,47400,11850.0,https://www.olimpica.com/viagra-4-tabletas-x-50-mg-7703283400101-356705/p
2026-10-08,La Rebaja,acetaminofen,100 mg,ASA MK 100 MG (MK),MK,CAJA X 20 TAB,20,9100,9100,455,https://www.larebajavirtual.com/asa-mk-100-mg-mk-46965/p
2026-10-08,La Rebaja,acetaminofen,500 mg,ACETAMINOFEN 500 MG (AG),AG,CAJA X 100 TAB,100,23100,23100,231,https://www.larebajavirtual.com/kit-acetaminofen-500-mg-ag-61755/p
2026-10-08,La Rebaja,acetaminofen,500 mg,ACETAMINOFEN 500 MG (AG),AG,BLISTER X 10,10,2400,2400,240,https://www.larebajavirtual.com/acetaminofen-500-mg-ag-61755/p
2026-10-08,La Rebaja,acetaminofen,500 mg,ACETAMINOFEN 500 MG (COASPHARMA),COASPHARMA,CAJA X 300 TAB,300,61400,61400,204.67,https://www.larebajavirtual.com/kit-acetaminofen-500-mg-coaspharma-116566/p
2026-10-08,La Rebaja,acetaminofen,500 mg,ACETAMINOFEN 500 MG (COASPHARMA),COASPHARMA,BLISTER X 10,10,2100,2100,210,https://www.larebajavirtual.com/acetaminofen-500-mg-coaspharma-116566/p
2026-10-08,La Rebaja,acetaminofen,500 mg,ACETAMINOFEN 500 MG (GENFAR),GENFAR,CAJA X 100 TAB,100,18820,25100,188.20,https://www.larebajavirtual.com/kit-acetaminofen-500-mg-genfar-38045/p
2026-10-08,La Rebaja,acetaminofen,500 mg,ACETAMINOFEN 500 MG (GENFAR),GENFAR,BLISTER X 10,10,2600,2600,260,https://www.larebajavirtual.com/acetaminofen-500-mg-genfar-38045/p
2026-10-08,La Rebaja,acetaminofen,500 mg,ACETAMINOFEN 500 MG (LA SANTE),LA SANTE,CAJA X 100 TAB,100,22300,22300,223,https://www.larebajavirtual.com/kit-acetaminofen-500-mg-la-sante-47431/p
2026-10-08,La Rebaja,acetaminofen,500 mg,ACETAMINOFEN 500 MG (LA SANTE),LA SANTE,BLISTER X 10,10,2300,2300,230,https://www.larebajavirtual.com/acetaminofen-500-mg-la-sante-47431/p
2026-10-08,La Rebaja,acetaminofen,500 mg,ACETAMINOFEN 500 MG (MK),TECNOQUIMICAS,CAJA X 50 TAB,50,31900,31900,638,https://www.larebajavirtual.com/kit-acetaminofen-500-mg-mk-157953/p
2026-10-08,La Rebaja,acetaminofen,500 mg,ACETAMINOFEN 500 MG (MK),TECNOQUIMICAS,BLIESTER X 10,10,6400,6400,640,https://www.larebajavirtual.com/acetaminofen-500-mg-mk-157953/p
2026-10-08,La Rebaja,acetaminofen,500 mg,ACETAMINOFEN 500 MG (MK),MK,CAJA X 100 TAB,100,64400,64400,644,https://www.larebajavirtual.com/kit-acetaminofen-500-mg-mk-46962/p
2026-10-08,La Rebaja,acetaminofen,500 mg,ACETAMINOFEN 500 MG (MK),MK,BLISTER X 10,10,6500,6500,650,https://www.larebajavirtual.com/acetaminofen-500-mg-mk-46962/p
2026-10-08,La Rebaja,acetaminofen,500 mg,ACETAMINOFEN 500 MG (MK),MK,CAJA X 16 TAB,16,14400,14400,900,https://www.larebajavirtual.com/acetaminofen-500-mg-mk-145047/p
2026-10-08,La Rebaja,acetaminofen,500 mg,CRONOFEN 500 MG,CRONOFEN,CAJA X 10 TAB,10,8800,8800,880,https://www.larebajavirtual.com/cronofen-500-mg-154758/p
2026-10-08,La Rebaja,acetaminofen,500 mg,DOLEX AVANZADO 500 MG,DOLEX,CAJA X 200 TAB,200,186600,186600,933,https://www.larebajavirtual.com/kit-dolex-avanzado-500-mg-156784/p
2026-10-08,La Rebaja,acetaminofen,500 mg,DOLEX AVANZADO 500 MG,DOLEX,BLISTER X 10,10,9400,9400,940,https://www.larebajavirtual.com/dolex-avanzado-500-mg-156784/p
2026-10-08,La Rebaja,acetaminofen,500 mg,DOLEX AVANZADO 500 MG,DOLEX,FRASCO X 24 TAB,24,27450,32300,1143.75,https://www.larebajavirtual.com/dolex-avanzado-500-mg-156785/p
2026-10-08,La Rebaja,acetaminofen,500 mg,DOLICOX 500 MG,DOLICOX,CAJA X 20 TAB,20,16000,16000,800,https://www.larebajavirtual.com/dolicox-500-mg-154729/p
2026-10-08,La Rebaja,acetaminofen,500 mg,DOLOFEN 500 MG,DOLOFEN,CAJA X 60 CAP,60,57300,57300,955,https://www.larebajavirtual.com/kit-dolofen-500-mg-25848/p
2026-10-08,La Rebaja,acetaminofen,500 mg,DOLOFEN 500 MG,DOLOFEN,BLISTER X 4,4,3840,3840,960,https://www.larebajavirtual.com/dolofen-500-mg-25848/p
2026-10-08,La Rebaja,acetaminofen,500 mg,DOLOFEN 500 MG,DOLOFEN,CAJA X 20 CAPSULA BLANDA,20,20200,20200,1010,https://www.larebajavirtual.com/dolofen-500-mg-146165/p
2026-10-08,La Rebaja,acetaminofen,500 mg,DOLOFEN GRIPA 500 MG,DOLOFEN,CAJA X 10 CAPSULA BLANDA,10,15100,15100,1510,https://www.larebajavirtual.com/dolofen-gripa-500-mg-150872/p
2026-10-08,La Rebaja,amlodipino,10 mg,AMLODIPINO 10 MG (COASPHARMA),COASPHARMA,CAJA X 10 TAB,10,11700,11700,1170,https://www.larebajavirtual.com/amlodipino-10-mg-coaspharma-36956/p
2026-10-08,La Rebaja,amlodipino,10 mg,AMLODIPINO 10 MG (LA SANTE),LA SANTE,CAJA X 10 TAB,10,15900,15900,1590,https://www.larebajavirtual.com/amlodipino-10-mg-la-sante-43880/p
2026-10-08,La Rebaja,amlodipino,10 mg,AMLODIPINO 10 MG (MK),MK,CAJA X 30 TAB,30,65000,65000,2166.67,https://www.larebajavirtual.com/amlodipino-10-mg-mk-150527/p
2026-10-08,La Rebaja,amlodipino,5 mg,AMLODIPINO 5 MG (COASPHARMA),COASPHARMA,CAJA X 10 TAB,10,9300,9300,930,https://www.larebajavirtual.com/amlodipino-5-mg-coaspharma-36955/p
2026-10-08,La Rebaja,amlodipino,5 mg,AMLODIPINO 5 MG (GENFAR),GENFAR,CAJA X 30 TAB,30,24840,27600,828,https://www.larebajavirtual.com/amlodipino-5-mg-genfar-152967/p
2026-10-08,La Rebaja,amlodipino,5 mg,AMLODIPINO 5 MG (GENFAR),GENFAR,CAJA X 10 TAB,10,8830,9300,883,https://www.larebajavirtual.com/amlodipino-5-mg-genfar-30707/p
2026-10-08,La Rebaja,amlodipino,5 mg,AMLODIPINO 5 MG (LA SANTE),LA SANTE,CAJA X 10 TAB,10,8900,8900,890,https://www.larebajavirtual.com/amlodipino-5-mg-la-sante-38387/p
2026-10-08,La Rebaja,amlodipino,5 mg,AMLODIPINO 5 MG (MK),MK,CAJA X 30 TAB,30,29800,29800,993.33,https://www.larebajavirtual.com/amlodipino-5-mg-mk-145046/p
2026-10-08,La Rebaja,atorvastatina,10 mg,ATORVASTATINA 10 MG (LA SANTE),LA SANTE,CAJA X 30 TAB,30,79900,79900,2663.33,https://www.larebajavirtual.com/atorvastatina-10-mg-la-sante-147386/p
2026-10-08,La Rebaja,atorvastatina,20 mg,ATORVASTATINA 20 MG (COASPHARMA),COASPHARMA,CAJA X 30 TAB,30,43200,43200,1440,https://www.larebajavirtual.com/atorvastatina-20-mg-coaspharma-73331/p
2026-10-08,La Rebaja,atorvastatina,20 mg,ATORVASTATINA 20 MG (COASPHARMA),COASPHARMA,CAJA X 10 TAB,10,18000,18000,1800,https://www.larebajavirtual.com/atorvastatina-20-mg-coaspharma-73330/p
2026-10-08,La Rebaja,atorvastatina,20 mg,ATORVASTATINA 20 MG (LA SANTE),LA SANTE,CAJA X 30 TAB,30,72600,72600,2420,https://www.larebajavirtual.com/atorvastatina-20-mg-la-sante-147387/p
2026-10-08,La Rebaja,atorvastatina,20 mg,ATORVASTATINA 20 MG (MK),MK,CAJA X 30 TAB,30,94100,94100,3136.67,https://www.larebajavirtual.com/atorvastatina-20-mg-mk-124171/p
2026-10-08,La Rebaja,atorvastatina,20 mg,FARMALIP 20 MG,FARMALIP,CAJA X 10 TAB,10,22400,22400,2240,https://www.larebajavirtual.com/farmalip-20-mg-52444/p
2026-10-08,La Rebaja,atorvastatina,20 mg,LIPITOR 20 MG,LIPITOR,CAJA X 30 TAB,30,117500,117500,3916.67,https://www.larebajavirtual.com/lipitor-20-mg-91450/p
2026-10-08,La Rebaja,atorvastatina,40 mg,ATORVASTATINA 40 MG (MK),MK,CAJA X 30 TAB,30,128800,128800,4293.33,https://www.larebajavirtual.com/atorvastatina-40-mg-mk-115558/p
2026-10-08,La Rebaja,atorvastatina,40 mg,ATORVASTATINA 40MG (LA SANTE),LA SANTE,CAJA X 30 TAB,30,104400,104400,3480,https://www.larebajavirtual.com/atorvastatina-40mg-la-sante-148787/p
2026-10-08,La Rebaja,atorvastatina,40 mg,FARMALIP 40 MG,FARMALIP,CAJA X 30 TAB,30,93900,93900,3130,https://www.larebajavirtual.com/farmalip-40-mg-105883/p
2026-10-08,La Rebaja,desloratadina,5 mg,DESLORATADINA 5 MG (COASPHARMA),COASPHARMA,CAJA X 10 TAB,10,22100,22100,2210,https://www.larebajavirtual.com/desloratadina-5-mg-coaspharma-128487/p
2026-10-08,La Rebaja,desloratadina,5 mg,DESLORATADINA 5 MG (GENFAR),GENFAR,CAJA X 10 COMP,10,31500,35000,3150,https://www.larebajavirtual.com/desloratadina-5-mg-genfar-61041/p
2026-10-08,La Rebaja,desloratadina,5 mg,DESLORATADINA 5 MG (MK),MK,CAJA X 10 TAB,10,55300,55300,5530,https://www.larebajavirtual.com/desloratadina-5-mg-mk-47495/p
2026-10-08,La Rebaja,esomeprazol,20 mg,ESOMEPRAZOL 20 MG (AG),AG,CAJA X 14 TAB,14,49300,49300,3521.43,https://www.larebajavirtual.com/esomeprazol-20-mg-ag-18141/p
2026-10-08,La Rebaja,esomeprazol,20 mg,ESOMEPRAZOL 20 MG (MK),MK,CAJA X 30 TAB,30,118100,118100,3936.67,https://www.larebajavirtual.com/esomeprazol-20-mg-mk-119924/p
2026-10-08,La Rebaja,esomeprazol,20 mg,ESOMEPRAZOL 20 MG (MK),MK,CAJA X 10 TAB,10,39800,39800,3980,https://www.larebajavirtual.com/esomeprazol-20-mg-mk-59788/p
2026-10-08,La Rebaja,esomeprazol,40 mg,ESOMEPRAZOL 40 MG (LA SANTE),LA SANTE,CAJA X 30 TAB,30,95400,95400,3180,https://www.larebajavirtual.com/esomeprazol-40-mg-la-sante-150827/p
2026-10-08,La Rebaja,esomeprazol,40 mg,ESOMEPRAZOL 40 MG (MK),MK,CAJA X 30 TAB,30,119500,119500,3983.33,https://www.larebajavirtual.com/esomeprazol-40-mg-mk-119842/p
2026-10-08,La Rebaja,esomeprazol,40 mg,ESOMEPRAZOL 40 MG (MK),MK,CAJA X 10 TAB,10,41700,41700,4170,https://www.larebajavirtual.com/esomeprazol-40-mg-mk-47496/p
2026-10-08,La Rebaja,ibuprofeno,4 mg,TIOCOLSID 4 MG,TIOCOLSID,CAJA X 20 TAB,20,95700,95700,4785,https://www.larebajavirtual.com/tiocolsid-4-mg-65310/p
2026-10-08,La Rebaja,ibuprofeno,400 mg,ADVIL MAX 400 MG,ADVIL,CAJA X 72 CAP,72,160200,160200,2225,https://www.larebajavirtual.com/kit-advil-max-400-mg-156356/p
2026-10-08,La Rebaja,ibuprofeno,400 mg,ADVIL MAX 400 MG,ADVIL,BLISTER X 4,4,8920,8920,2230,https://www.larebajavirtual.com/advil-max-400-mg-156356/p
2026-10-08,La Rebaja,ibuprofeno,400 mg,GOFEN FORTE 400 MG,GOFEN,BLISTER X 10,10,13000,13000,1300,https://www.larebajavirtual.com/gofen-forte-400-mg-142242/p
2026-10-08,La Rebaja,ibuprofeno,400 mg,GOFEN FORTE 400 MG,GOFEN,CAJA X 60 CAPSULA BLANDA,60,78000,78000,1300,https://www.larebajavirtual.com/kit-gofen-forte-400-mg-142242/p
2026-10-08,La Rebaja,ibuprofeno,400 mg,GOFEN FORTE 400 MG (IBUPROFENO),GOFEN,CAJA X 10 CAP,10,13000,13000,1300,https://www.larebajavirtual.com/gofen-400-mg-157778/p
2026-10-08,La Rebaja,ibuprofeno,400 mg,IBUDOL 400 MG,IBUDOL,CAJA X 12 CAP,12,20600,20600,1716.67,https://www.larebajavirtual.com/ibudol-400-mg-93166/p
2026-10-08,La Rebaja,ibuprofeno,400 mg,IBUDOL SOFT 400 MG,IBUDOL,CAJA X 30 CAPSULA BLANDA,30,47000,47000,1566.67,https://www.larebajavirtual.com/kit-ibudol-soft-400-mg-150460/p
2026-10-08,La Rebaja,ibuprofeno,400 mg,IBUDOL SOFT 400 MG,IBUDOL,BLISTER X 6,6,9420,9420,1570,https://www.larebajavirtual.com/ibudol-soft-400-mg-150460/p
2026-10-08,La Rebaja,ibuprofeno,400 mg,IBUFLASH 400 MG,IBUFLASH,CAJA X 8 UND,8,11200,11200,1400,https://www.larebajavirtual.com/ibuflash-400-mg-60106/p
2026-10-08,La Rebaja,ibuprofeno,400 mg,IBUPROFENO 400 MG (COASPHARMA),COASPHARMA,CAJA X 60 TAB,60,25400,25400,423.33,https://www.larebajavirtual.com/kit-ibuprofeno-400-mg-coaspharma-33675/p
2026-10-08,La Rebaja,ibuprofeno,400 mg,IBUPROFENO 400 MG (COASPHARMA),COASPHARMA,BLISTER X 10,10,4300,4300,430,https://www.larebajavirtual.com/ibuprofeno-400-mg-coaspharma-33675/p
2026-10-08,La Rebaja,ibuprofeno,400 mg,IBUPROFENO 400 MG (MK),MK,CAJA X 100 TAB,100,31500,31500,315,https://www.larebajavirtual.com/kit-ibuprofeno-400-mg-mk-42987/p
2026-10-08,La Rebaja,ibuprofeno,400 mg,IBUPROFENO 400 MG (MK),MK,BLISTER X 10,10,3200,3200,320,https://www.larebajavirtual.com/ibuprofeno-400-mg-mk-42987/p
2026-10-08,La Rebaja,ibuprofeno,600 mg,IBUPROFENO 600 MG(COASPHARMA),COASPHARMA,BLISTER X 10,10,4300,4300,430,https://www.larebajavirtual.com/ibuprofeno-600-mg-coaspharma-33647/p
2026-10-08,La Rebaja,ibuprofeno,600 mg,IBUPROFENO 600 MG(COASPHARMA),COASPHARMA,CAJA X 60 TAB,60,25800,25800,430,https://www.larebajavirtual.com/kit-ibuprofeno-600-mg-coaspharma-33647/p
2026-10-08,La Rebaja,ibuprofeno,600 mg,PIRE-FEN 600 MG,PIRE-FEN,CAJA X 60 TAB,60,83000,83000,1383.33,https://www.larebajavirtual.com/kit-pire-fen-600-mg-146272/p
2026-10-08,La Rebaja,ibuprofeno,600 mg,PIRE-FEN 600 MG,PIRE-FEN,BLISTER X 10,10,13900,13900,1390,https://www.larebajavirtual.com/pire-fen-600-mg-146272/p
2026-10-08,La Rebaja,ibuprofeno,800 mg,IBUPROFENO 800 MG (AG),AG,CAJA X 50 TAB,50,21500,21500,430,https://www.larebajavirtual.com/kit-ibuprofeno-800-mg-ag-22703/p
2026-10-08,La Rebaja,ibuprofeno,800 mg,IBUPROFENO 800 MG (AG),AG,BLISTER X 10,10,4300,4300,430,https://www.larebajavirtual.com/ibuprofeno-800-mg-ag-22703/p
2026-10-08,La Rebaja,ibuprofeno,800 mg,IBUPROFENO 800 MG (COASPHARMA),COASPHARMA,CAJA X 60 TAB,60,27500,27500,458.33,https://www.larebajavirtual.com/kit-ibuprofeno-800-mg-coaspharma-13997/p
2026-10-08,La Rebaja,ibuprofeno,800 mg,IBUPROFENO 800 MG (COASPHARMA),COASPHARMA,BLISTER X 10,10,4600,4600,460,https://www.larebajavirtual.com/ibuprofeno-800-mg-coaspharma-13997/p
2026-10-08,La Rebaja,ibuprofeno,800 mg,IBUPROFENO 800 MG (GENFAR),GENFAR,CAJA X 50 TAB,50,19630,23100,392.60,https://www.larebajavirtual.com/kit-ibuprofeno-800-mg-genfar-38260/p
2026-10-08,La Rebaja,ibuprofeno,800 mg,IBUPROFENO 800 MG (GENFAR),GENFAR,BLISTER X 10,10,4700,4700,470,https://www.larebajavirtual.com/ibuprofeno-800-mg-genfar-38260/p
2026-10-08,La Rebaja,ibuprofeno,800 mg,IBUPROFENO 800 MG (MK),MK,CAJA X 50 TAB,50,36300,36300,726,https://www.larebajavirtual.com/kit-ibuprofeno-800-mg-mk-42989/p
2026-10-08,La Rebaja,ibuprofeno,800 mg,IBUPROFENO 800 MG (MK),MK,BLISTER X 10,10,7300,7300,730,https://www.larebajavirtual.com/ibuprofeno-800-mg-mk-42989/p
2026-10-08,La Rebaja,ibuprofeno,800 mg,IBUPROFENO 800 MG (MK),MK,BLISTER X 10,10,14100,14100,1410,https://www.larebajavirtual.com/ibuprofeno-800-mg-mk-123700/p
2026-10-08,La Rebaja,ibuprofeno,800 mg,IBUPROFENO 800 MG (MK),MK,CAJA X 30 CAPSULA BLANDA,30,42300,42300,1410,https://www.larebajavirtual.com/kit-ibuprofeno-800-mg-mk-123700/p
2026-10-08,La Rebaja,ibuprofeno,800 mg,PIREFEN 800 MG,PIREFEN,CAJA X 60 TAB,60,128630,135400,2143.83,https://www.larebajavirtual.com/kit-pirefen-800-mg-39287/p
2026-10-08,La Rebaja,ibuprofeno,800 mg,PIREFEN 800 MG,PIREFEN,BLISTER X 10,10,22600,22600,2260,https://www.larebajavirtual.com/pirefen-800-mg-39287/p
2026-10-08,La Rebaja,loratadina,10 mg,HISTAPEN 10 MG,HISTAPEN,CAJA X 10 TAB,10,35700,35700,3570,https://www.larebajavirtual.com/histapen-32173/p
2026-10-08,La Rebaja,loratadina,10 mg,LORATADINA 10 MG (AG),AG,CAJA X 20 TAB,20,9500,9500,475,https://www.larebajavirtual.com/loratadina-10-mg-ag-18134/p
2026-10-08,La Rebaja,loratadina,10 mg,LORATADINA 10 MG (COASPHARMA),COASPHARMA,CAJA X 10 TAB,10,5300,5300,530,https://www.larebajavirtual.com/loratadina-10-mg-coaspharma-33671/p
2026-10-08,La Rebaja,loratadina,10 mg,LORATADINA 10 MG (LA SANTE),LA SANTE,CAJA X 10 TAB,10,4700,4700,470,https://www.larebajavirtual.com/loratadina-10-mg-la-sante-38093/p
2026-10-08,La Rebaja,loratadina,10 mg,LORATADINA 10 MG (MK),MK,CAJA X 10 TAB,10,6600,6600,660,https://www.larebajavirtual.com/loratadina-10-mg-mk-42996/p
2026-10-08,La Rebaja,losartan,100 mg,LOSARTAN 100 MG (MK),MK,CAJA X 30 TAB,30,78200,78200,2606.67,https://www.larebajavirtual.com/losartan-100-mg-mk-148428/p
2026-10-08,La Rebaja,losartan,100 mg,LOSARTAN POTASICO 100 MG (LA SANTE),LA SANTE,CAJA X 30 TAB,30,65400,65400,2180,https://www.larebajavirtual.com/losartan-potasico-100-mg-la-sante-105532/p
2026-10-08,La Rebaja,losartan,50 mg,LOSARTAN 50 MG (COASPHARMA),COASPHARMA,CAJA X 30 TAB,30,16200,16200,540,https://www.larebajavirtual.com/losartan-50-mg-coaspharma-64308/p
2026-10-08,La Rebaja,losartan,50 mg,LOSARTAN 50 MG (MK),MK,CAJA X 30 TAB,30,30600,30600,1020,https://www.larebajavirtual.com/losartan-50-mg-mk-124175/p
2026-10-08,La Rebaja,losartan,50 mg,LOSARTAN POTASICO 50 MG (GENFAR),GENFAR,CAJA X 30 TAB,30,14100,28200,470,https://www.larebajavirtual.com/losartan-potasico-50-mg-genfar-37060/p
2026-10-08,La Rebaja,losartan,50 mg,LOSARTAN POTASICO 50 MG (LA SANTE),LA SANTE,CAJA X 30 TAB,30,24600,24600,820,https://www.larebajavirtual.com/losartan-potasico-50-mg-la-sante-39583/p
2026-10-08,La Rebaja,metformina,1000 mg,GLUCOPHAGE 1000 MG,GLUCOPHAGE,CAJA X 30 TAB,30,93800,93800,3126.67,https://www.larebajavirtual.com/glucophage-1000-mg-37314/p
2026-10-08,La Rebaja,metformina,1000 mg,GLUCOPHAGE XR 1000 MG,GLUCOPHAGE,CAJA X 30 TAB,30,127900,127900,4263.33,https://www.larebajavirtual.com/glucophage-xr-1000-mg-92614/p
2026-10-08,La Rebaja,metformina,1000 mg,METFORMINA 1000 MG (MK),MK,CAJA X 30 TAB,30,67800,67800,2260,https://www.larebajavirtual.com/metformina-1000-mg-mk-158129/p
2026-10-08,La Rebaja,metformina,500 mg,GLUCOPHAGE 500 MG,GLUCOPHAGE,CAJA X 30 TAB,30,71000,71000,2366.67,https://www.larebajavirtual.com/glucophage-500-mg-12663/p
2026-10-08,La Rebaja,metformina,500 mg,GLUCOPHAGE XR 500 MG,GLUCOPHAGE,CAJA X 30 TAB,30,74500,74500,2483.33,https://www.larebajavirtual.com/glucophage-xr-500-mg-44585/p
2026-10-08,La Rebaja,metformina,500 mg,METFORMINA 500 MG (GENFAR),GENFAR,CAJA X 30 TAB,30,59660,62800,1988.67,https://www.larebajavirtual.com/metformina-500-mg-genfar-105422/p
2026-10-08,La Rebaja,metformina,500 mg,METFORMINA 500 MG (MK),MK,CAJA X 30 TAB,30,47100,47100,1570,https://www.larebajavirtual.com/metformina-500-mg-mk-158130/p
2026-10-08,La Rebaja,metformina,750 mg,GLUCOPHAGE XR 750 MG,GLUCOPHAGE,CAJA X 30 TAB,30,121700,121700,4056.67,https://www.larebajavirtual.com/glucophage-xr-750-mg-64296/p
2026-10-08,La Rebaja,metformina,850 mg,GLUCOPHAGE 850 MG,GLUCOPHAGE,CAJA X 30 TAB,30,85700,85700,2856.67,https://www.larebajavirtual.com/glucophage-850-mg-13860/p
2026-10-08,La Rebaja,metformina,850 mg,METFORMINA 850 MG (DIABETRICS),DIABETRICS,CAJA X 30 TAB,30,34400,34400,1146.67,https://www.larebajavirtual.com/metformina-850-mg-diabetrics-118186/p
2026-10-08,La Rebaja,metformina,850 mg,METFORMINA 850 MG (GENFAR),GENFAR,CAJA X 30 TAB,30,33830,39800,1127.67,https://www.larebajavirtual.com/metformina-850-mg-genfar-34345/p
2026-10-08,La Rebaja,metformina,850 mg,METFORMINA 850 MG (MK),MK,CAJA X 30 TAB,30,48100,48100,1603.33,https://www.larebajavirtual.com/metformina-850-mg-mk-43004/p
2026-10-08,La Rebaja,omeprazol,10 mg,GENOPRAZOL CAPSULA OMEPRAZOL 10 MG,GENOPRAZOL,CAJA X 14 CAP,14,6900,6900,492.86,https://www.larebajavirtual.com/genoprazol-capsula-omeprazol-10-mg-105287/p
2026-10-08,La Rebaja,omeprazol,20 mg,GENOPRAZOL CAPSULA OMEPRAZOL 20 MG,GENOPRAZOL,CAJA X 14 CAP,14,12900,12900,921.43,https://www.larebajavirtual.com/genoprazol-capsula-omeprazol-20-mg-105423/p
2026-10-08,La Rebaja,omeprazol,20 mg,OMEPRAZOL 20 MG (LA SANTE),LA SANTE,CAJA X 30 CAP,30,11400,11400,380,https://www.larebajavirtual.com/omeprazol-20-mg-la-sante-146234/p
2026-10-08,La Rebaja,omeprazol,20 mg,OMEPRAZOL 20 MG (MK),MK,CAJA X 30 CAP,30,21400,21400,713.33,https://www.larebajavirtual.com/omeprazol-20-mg-mk-154808/p
2026-10-08,La Rebaja,omeprazol,20 mg,OMEPRAZOLE 20 MG (GENFAR),GENFAR,CAJA X 10 CAP,10,4120,5500,412,https://www.larebajavirtual.com/omeprazole-20-mg-genfar-38063/p
2026-10-08,La Rebaja,omeprazol,20 mg,PROPISOL 20 MG,PROPISOL,CAJA X 20 CAP,20,22080,25100,1104,https://www.larebajavirtual.com/propisol-31091/p
2026-10-08,La Rebaja,omeprazol,20 mg,ULCEPAR OMEPRAZOL 20 MG (COASPHARMA),COASPHARMA,CAJA X 20 TAB,20,11000,11000,550,https://www.larebajavirtual.com/omeprazol-20-mg-coaspharma-17009/p
